elevation_m,slope_gradient_deg,rainfall_intensity_mm_hr,cumulative_rainfall_24h_mm,soil_moisture_percentage,river_water_level_m,river_flow_velocity_mps,upstream_basin_surge_rate,vegetation_ndvi,drainage_density_km_km2,flood_risk_severity_index
1448.7,16.5,0.8,12.0,15.7,0.95,1.87,0.26,0.5,2.51,112.6
3062.0,37.1,4.1,19.3,16.1,1.82,2.72,0.82,0.47,2.02,306.3
2449.6,44.9,35.6,162.7,62.0,4.9,5.19,3.16,0.74,1.25,855.8
2076.2,6.2,29.1,109.7,47.4,2.68,2.62,0.31,0.36,1.78,358.7
836.9,40.9,8.6,91.5,52.0,2.36,3.03,0.67,0.18,4.12,390.9
836.8,29.9,9.5,97.7,38.0,3.46,3.32,0.73,0.77,1.98,400.3
562.6,43.9,15.3,73.3,35.5,2.6,3.23,2.2,0.73,2.22,438.7
2825.3,23.6,0.0,49.7,26.8,1.85,2.57,0.17,0.41,0.82,233.2
2083.1,38.9,5.5,59.2,28.4,2.49,3.89,0.75,0.28,3.25,397.9
2382.6,7.5,4.7,89.2,27.7,2.47,2.09,0.06,0.62,2.21,244.9
457.6,18.4,5.8,78.9,34.9,2.01,2.75,0.67,0.21,1.15,255.6
3115.7,7.7,32.8,163.4,43.1,3.58,2.78,0.79,0.45,4.09,470.3
2730.8,44.0,6.6,39.5,30.7,2.09,4.14,0.98,0.21,3.44,398.4
994.5,37.7,4.3,73.8,34.6,1.36,3.36,1.21,0.57,3.27,332.2
909.1,39.1,14.0,65.6,34.1,2.04,3.35,0.98,0.17,4.06,394.7
913.5,42.5,40.1,126.6,56.2,4.31,4.66,2.97,0.59,2.19,672.9
1251.9,8.4,5.5,91.6,36.2,2.18,1.76,2.26,0.62,3.24,256.6
1869.3,20.4,1.6,10.9,28.0,1.79,2.34,0.12,0.49,1.5,155.3
1609.4,7.8,8.8,104.4,55.2,3.17,2.41,0.63,0.27,3.17,325.2
1215.4,13.4,27.5,98.8,48.2,2.61,2.4,1.13,0.22,0.85,404.1
2113.2,14.2,16.0,109.8,49.0,2.52,2.75,0.84,0.37,1.23,392.8
790.6,23.8,33.9,126.0,40.2,3.06,3.06,1.45,0.48,2.25,541.4
1218.0,15.7,64.2,242.1,65.4,6.29,3.96,1.78,0.6,0.84,1023.8
1425.8,9.0,31.5,101.0,27.6,3.34,2.31,0.91,0.15,2.37,446.3
1677.0,11.7,18.5,95.2,41.1,2.56,2.47,0.44,0.65,2.58,280.8
2598.5,10.9,13.6,73.3,35.4,1.9,1.62,0.68,0.65,2.91,222.0
959.1,43.9,0.8,56.6,30.4,1.91,3.58,0.33,0.46,1.14,302.6
1839.9,35.4,83.1,165.8,58.1,5.1,4.97,5.1,0.39,1.42,1097.4
2058.8,43.7,9.7,41.9,17.9,1.2,3.37,0.85,0.74,2.89,233.7
530.1,22.6,3.3,18.6,36.4,1.34,2.29,1.3,0.7,3.04,152.8
2101.1,16.1,22.0,103.9,45.9,3.23,2.83,0.87,0.84,0.89,394.0
877.5,36.9,6.7,86.8,35.1,1.66,2.91,0.74,0.41,2.64,299.7
582.1,18.1,17.6,131.9,42.6,3.43,2.81,1.72,0.78,3.47,456.6
3056.9,17.0,17.7,56.8,34.1,2.49,2.5,0.92,0.21,1.03,339.6
3103.8,14.3,11.8,81.3,46.8,2.07,2.29,1.55,0.44,2.2,306.9
2663.5,10.2,36.2,154.0,48.5,4.15,3.19,0.66,0.48,1.91,569.2
1252.9,15.3,6.2,41.2,28.6,1.37,1.98,0.91,0.46,3.91,190.1
673.5,19.2,11.9,58.9,30.8,2.12,2.83,0.54,0.59,1.43,240.4
2315.9,32.0,15.4,86.8,49.9,2.4,3.65,1.49,0.27,1.88,402.6
1632.4,7.5,21.8,72.1,30.0,2.0,2.05,1.05,0.76,3.85,214.9
741.7,13.4,30.6,67.6,31.9,1.88,2.4,0.81,0.54,1.92,305.9
1786.5,37.4,10.0,45.0,39.8,2.09,3.13,0.84,0.78,2.61,263.4
496.3,10.9,20.8,115.5,42.0,3.16,2.25,0.89,0.15,0.91,398.2
2946.1,18.7,3.3,20.7,32.8,1.3,2.23,0.14,0.59,4.15,98.1
1124.6,39.6,54.0,199.4,48.6,4.37,4.19,4.12,0.44,3.6,886.3
2255.1,11.2,9.7,54.5,28.2,2.01,1.96,0.23,0.5,2.96,163.0
1272.8,8.3,26.2,100.3,49.9,2.77,2.43,1.35,0.67,1.01,373.5
1856.2,24.4,0.4,20.7,18.3,1.23,2.7,0.15,0.31,1.05,150.6
1930.8,17.1,4.6,83.9,33.9,3.03,2.73,0.47,0.29,2.65,296.9
917.6,27.5,13.4,34.1,28.2,0.98,2.23,0.66,0.64,1.77,183.5
3114.8,37.2,42.1,161.0,41.1,3.1,3.91,2.73,0.51,2.92,685.5
2570.4,10.5,15.0,71.0,29.5,1.81,1.65,0.47,0.31,2.83,189.3
3030.6,28.2,53.1,203.1,57.5,5.1,4.24,2.77,0.49,3.65,926.4
2905.5,25.2,13.2,86.1,35.9,1.98,2.72,0.56,0.47,1.76,274.5
2074.1,10.8,13.5,63.2,41.6,1.61,1.83,1.12,0.63,2.76,193.9
2981.2,30.0,2.6,75.3,45.9,2.54,3.24,0.13,0.15,3.44,331.4
647.8,15.9,32.5,106.1,32.2,2.92,2.48,1.46,0.56,2.47,419.7
948.8,24.5,5.7,85.2,36.2,2.47,2.73,0.49,0.57,3.62,295.8
526.6,8.3,46.0,142.4,51.0,3.62,2.43,0.93,0.67,1.25,516.3
1310.9,23.4,48.3,245.7,76.4,5.28,3.72,1.98,0.77,3.3,874.1
1488.3,17.3,57.4,177.6,57.7,4.02,3.33,2.03,0.46,4.01,700.6
1159.8,37.9,14.7,127.8,45.3,3.47,4.25,1.24,0.39,1.93,564.4
2720.5,7.3,22.6,87.8,41.1,1.84,1.97,0.35,0.22,2.05,271.1
1398.9,21.7,30.1,106.6,44.6,2.0,2.5,1.2,0.39,1.08,379.5
1186.6,23.3,2.8,66.9,24.6,1.85,2.37,0.14,0.2,2.98,248.8
1919.5,34.0,18.4,126.1,44.2,3.51,4.04,1.07,0.71,2.68,496.7
794.6,28.0,0.7,79.6,46.0,2.3,3.17,0.04,0.71,0.94,236.0
2646.2,31.7,13.8,64.3,29.9,2.42,3.3,0.83,0.44,3.36,376.2
608.7,36.1,3.4,76.3,34.8,1.38,3.43,0.66,0.33,3.62,311.1
3163.3,39.5,4.0,32.1,23.8,1.64,3.28,0.42,0.23,3.88,299.8
2562.3,17.6,9.1,72.0,14.4,2.36,2.45,0.43,0.75,2.66,252.4
956.4,26.5,11.3,55.2,30.1,1.37,2.42,0.56,0.76,2.34,189.1
415.5,38.6,19.5,76.0,36.1,2.73,3.34,1.6,0.34,3.78,490.9
2683.3,44.6,1.5,78.6,30.0,2.15,3.94,0.28,0.59,2.16,326.8
2379.2,40.6,14.0,62.8,22.1,3.28,4.05,1.4,0.33,3.03,513.2
2441.2,19.9,4.0,65.9,24.8,1.13,2.21,0.67,0.31,2.89,207.9
2559.6,12.8,17.1,108.5,45.6,3.26,3.14,0.72,0.16,2.07,433.3
607.3,24.6,20.3,81.7,50.5,2.29,2.74,0.96,0.55,1.1,353.5
1403.7,34.7,16.3,62.3,42.3,1.5,2.4,1.22,0.25,0.87,355.9
724.4,24.7,26.8,133.0,33.2,2.98,3.27,1.22,0.16,2.26,486.4
2816.7,24.3,8.2,39.5,33.9,1.76,2.63,1.26,0.22,2.44,248.9
2145.2,38.5,29.0,166.0,44.6,4.35,4.27,2.44,0.37,3.6,773.6
1326.5,19.5,11.3,107.4,34.7,3.37,3.16,0.64,0.62,2.21,399.2
578.0,39.4,13.2,57.4,26.6,2.55,3.89,2.22,0.29,1.76,445.8
1270.8,21.3,20.9,75.4,39.2,1.9,2.26,1.06,0.77,2.37,287.9
1310.5,18.1,0.4,40.0,34.9,2.05,2.33,0.17,0.35,1.61,164.2
2442.9,23.2,21.2,102.0,37.6,2.85,3.38,0.86,0.38,1.11,495.9
2185.2,35.5,19.3,90.2,35.6,2.31,3.21,1.45,0.3,1.18,468.4
2884.2,10.0,7.4,30.0,29.1,1.38,1.72,0.91,0.33,1.89,173.9
1722.2,12.9,1.8,49.2,33.4,1.46,1.22,0.84,0.2,0.84,178.5
734.9,43.1,1.9,82.7,44.3,2.29,3.39,0.51,0.36,1.55,350.8
2397.1,12.0,51.3,181.4,42.4,3.66,2.86,1.23,0.75,3.48,552.4
2530.2,27.7,23.4,94.8,37.2,2.23,3.27,1.5,0.63,1.6,394.3
1971.6,28.2,2.7,83.7,26.5,2.47,2.75,0.7,0.76,1.18,269.8
2558.7,24.6,8.8,85.9,35.0,2.61,3.0,0.57,0.22,4.03,343.4
1782.6,30.8,18.0,112.6,38.5,2.8,3.28,1.18,0.47,2.92,419.9
1863.7,14.2,36.1,145.8,45.9,3.94,3.3,1.31,0.31,1.0,595.0
1597.1,27.1,0.9,80.6,28.1,2.11,2.58,0.88,0.65,1.01,260.5
471.2,19.9,5.4,67.2,20.2,1.91,2.53,0.81,0.83,2.88,223.0
702.1,31.5,44.1,187.0,36.9,4.53,4.02,2.32,0.72,2.64,783.6
488.0,10.6,0.2,57.8,29.4,1.82,1.98,0.06,0.17,1.03,181.9
2181.9,27.8,4.5,69.8,29.1,2.11,2.94,0.97,0.37,1.56,367.5
1280.2,12.4,63.9,213.6,53.0,3.57,2.74,2.04,0.17,3.96,747.2
1824.0,16.1,19.0,91.4,47.0,2.51,2.63,0.71,0.18,2.74,336.0
2941.2,13.7,6.1,78.8,27.3,1.47,1.94,0.49,0.21,2.3,230.1
1098.0,12.3,1.4,30.2,36.8,0.97,1.59,0.97,0.34,1.65,131.3
1549.1,38.0,0.6,48.9,41.8,1.21,2.93,1.01,0.36,1.25,238.2
2515.5,16.4,5.6,42.1,12.0,1.22,1.97,0.77,0.43,2.17,141.0
1040.6,42.1,42.7,197.3,56.3,4.64,4.82,3.09,0.43,3.94,904.6
615.5,43.8,10.8,48.5,25.5,1.64,3.26,1.31,0.69,0.97,332.4
1211.3,27.9,25.5,136.3,21.2,3.44,3.43,1.23,0.25,4.17,538.1
851.4,10.7,50.1,204.4,45.2,4.37,2.81,1.79,0.26,1.51,746.9
3003.2,20.0,10.5,40.4,33.5,0.91,1.97,0.41,0.59,2.19,160.7
2662.7,36.9,4.2,55.8,46.2,1.93,3.14,0.7,0.55,0.95,315.5
2173.5,19.7,14.6,62.0,38.4,2.16,2.72,0.85,0.26,2.79,334.7
2840.1,8.5,47.7,156.7,50.8,3.4,2.7,1.27,0.75,2.44,508.3
2650.3,27.3,32.6,141.6,45.3,3.46,3.26,1.8,0.38,3.07,626.2
922.4,38.8,1.4,14.2,36.0,1.31,3.1,0.11,0.41,2.65,184.0
2899.2,36.8,23.6,126.8,60.0,3.67,4.23,1.94,0.44,2.15,665.5
1910.2,12.0,17.0,42.9,23.0,1.06,1.61,0.53,0.38,3.31,154.1
2660.8,31.9,47.6,169.3,34.5,3.91,3.75,2.69,0.54,0.89,739.6
2909.1,13.8,2.6,38.8,10.2,2.19,1.98,1.98,0.42,2.64,235.7
1290.4,13.7,15.3,96.9,48.0,3.11,2.87,0.71,0.33,1.19,371.6
708.1,40.0,42.3,172.8,50.7,4.7,4.91,3.31,0.78,2.28,907.5
1038.2,15.0,10.6,91.8,38.0,2.65,2.46,0.56,0.37,3.49,305.4
1595.9,15.5,13.2,98.0,23.3,3.17,2.97,0.93,0.64,1.28,382.7
2690.4,5.0,1.5,61.5,25.0,2.69,1.3,0.57,0.39,3.98,197.4
2810.0,39.8,6.5,31.1,23.2,1.47,3.56,0.86,0.45,3.82,301.6
419.5,36.7,7.8,71.2,34.5,1.77,3.17,2.92,0.32,2.21,403.2
1830.1,30.1,58.1,182.3,49.6,4.4,4.09,3.16,0.68,0.82,837.9
1568.8,35.0,6.6,25.4,16.3,2.65,3.44,0.88,0.67,3.49,322.1
1021.9,11.1,12.4,73.9,27.0,1.51,2.16,0.87,0.17,3.8,234.3
735.6,23.3,22.3,85.9,45.1,2.31,2.52,1.05,0.19,1.39,447.8
1345.3,19.0,3.5,48.6,30.7,1.18,2.43,0.36,0.8,3.92,148.8
3040.1,8.8,13.3,90.1,41.1,2.44,2.21,1.59,0.77,3.91,274.1
1305.0,24.4,26.8,120.2,34.4,2.52,3.09,1.11,0.5,2.4,418.6
1852.6,41.8,40.3,131.7,20.1,3.23,4.04,2.97,0.5,3.51,681.1
2368.5,6.6,19.7,70.2,28.5,1.31,1.17,0.48,0.72,2.31,126.3
1418.2,16.7,22.1,124.5,35.5,3.23,3.09,0.61,0.25,2.72,492.7
3121.0,13.3,2.7,53.7,32.5,2.3,2.35,0.98,0.61,1.89,226.2
3094.9,14.5,58.3,192.8,81.0,4.35,3.6,1.55,0.48,1.34,751.4
1105.0,41.3,2.8,67.3,37.7,2.0,3.49,0.32,0.67,3.34,314.8
1792.3,23.7,29.8,123.0,64.0,3.18,3.09,1.87,0.17,0.8,537.2
1242.5,23.7,6.2,61.2,35.6,2.04,3.02,0.37,0.56,2.77,223.5
1197.6,35.4,54.2,160.8,43.9,4.15,4.69,3.63,0.54,3.74,835.2
503.3,11.2,25.5,101.8,41.1,2.94,2.46,1.16,0.74,1.55,363.4
2106.8,24.5,28.0,147.4,60.8,4.08,3.45,1.77,0.62,1.93,614.6
1807.5,22.2,4.9,42.7,42.3,1.36,2.5,0.79,0.77,2.8,141.2
544.1,28.9,11.7,56.4,25.5,1.8,2.76,0.6,0.77,1.64,237.4
1180.2,45.0,19.2,73.6,35.3,2.74,4.21,1.48,0.44,3.68,420.5
2943.1,35.8,29.4,152.7,36.0,3.06,3.68,1.9,0.25,2.05,587.9
1070.8,20.9,2.2,77.5,40.5,1.39,2.64,0.09,0.59,2.78,202.9
805.7,38.1,65.6,248.0,77.1,6.52,5.24,4.44,0.76,1.57,1200.0
1770.5,11.8,44.2,140.0,45.5,3.51,2.87,1.07,0.2,0.94,533.0
3159.8,6.2,6.3,77.2,28.6,1.88,1.61,0.39,0.54,1.39,162.2
1077.8,13.2,34.6,184.7,56.1,3.77,2.86,0.9,0.23,0.96,587.7
2282.0,18.6,14.6,108.1,42.8,2.42,2.49,0.72,0.17,2.39,390.1
2532.5,25.4,12.4,84.2,35.8,2.02,2.94,0.69,0.63,2.79,329.8
1065.4,29.6,7.6,88.9,37.4,2.68,3.49,0.46,0.63,0.95,348.3
2439.0,41.4,17.4,54.2,28.4,1.52,3.47,1.62,0.57,1.11,352.8
1429.8,25.4,26.2,81.1,42.6,2.36,2.88,1.56,0.75,2.45,345.0
2170.5,25.1,10.6,31.9,31.6,1.19,2.4,1.15,0.21,3.52,252.7
2173.9,7.0,19.8,123.9,34.4,2.32,2.19,1.06,0.22,2.94,395.2
1900.2,6.4,24.0,71.6,24.8,2.46,2.23,0.74,0.76,1.16,283.0
652.8,27.0,24.8,111.8,38.1,2.7,2.47,1.58,0.5,3.82,450.7
2738.8,22.5,1.1,42.6,33.6,1.72,2.41,0.06,0.34,3.92,200.3
1298.2,38.6,39.3,99.2,39.0,2.41,3.53,2.57,0.67,1.9,521.3
922.3,11.4,12.3,97.5,32.4,2.21,2.31,0.9,0.78,2.89,245.0
514.2,6.0,6.1,36.0,28.6,1.85,1.69,0.17,0.63,2.47,114.4
2054.5,23.0,5.5,42.3,25.0,2.7,3.12,0.39,0.7,4.0,259.9
2297.2,14.5,13.2,107.2,46.3,1.9,1.88,0.38,0.35,2.53,294.8
446.4,7.0,43.6,101.7,41.0,2.56,2.14,0.59,0.35,4.06,404.5
1833.9,34.0,9.5,75.9,31.1,2.39,3.58,1.14,0.75,1.48,358.5
1034.2,9.5,27.7,124.6,44.3,2.73,1.91,0.56,0.58,1.97,328.9
2206.5,29.3,2.0,78.6,44.7,2.54,3.81,0.34,0.31,3.46,321.5
888.2,16.2,12.9,111.0,35.4,2.38,2.76,0.42,0.52,3.46,293.0
2334.6,11.9,95.8,343.9,85.1,7.09,4.36,2.36,0.63,3.29,1200.0
1482.9,20.2,29.4,132.7,43.3,3.01,2.73,1.51,0.3,3.72,458.7
3022.8,37.1,4.7,20.8,27.2,1.84,3.21,0.47,0.61,3.19,240.8
785.1,20.7,13.9,56.1,24.9,1.64,2.37,1.09,0.18,2.96,319.0
1355.0,35.0,5.3,26.0,25.6,1.29,3.02,0.42,0.36,2.36,247.6
717.7,10.0,10.5,64.7,40.5,2.39,2.53,0.65,0.62,2.39,225.7
2989.1,35.9,30.3,137.9,37.3,3.02,3.61,2.34,0.25,2.18,599.1
2856.6,14.5,29.5,120.8,31.1,2.96,2.77,2.1,0.31,2.91,506.8
1122.2,32.1,5.2,60.3,20.5,1.21,2.4,0.38,0.77,2.18,204.8
2248.0,27.6,51.1,155.3,38.6,3.38,3.37,2.39,0.62,1.3,648.5
2688.2,42.2,18.0,85.7,40.2,2.71,4.0,1.38,0.5,1.16,457.6
1954.6,20.5,9.6,96.1,26.0,2.09,2.71,0.38,0.3,3.94,306.6
1883.0,7.6,13.9,71.2,30.4,1.88,1.61,0.25,0.39,0.88,195.4
1077.2,5.8,18.6,93.2,41.7,2.63,1.94,0.34,0.55,1.16,285.6
660.7,38.1,16.4,86.3,38.9,2.28,3.87,1.26,0.26,2.31,469.8
2912.2,26.0,13.3,35.1,23.2,1.93,3.03,1.51,0.49,1.69,269.5
2921.2,36.0,14.1,89.8,37.7,2.6,3.6,0.93,0.44,2.18,393.2
2172.7,14.4,3.9,74.3,34.2,2.31,1.77,1.52,0.48,1.2,294.9
1349.3,18.8,33.5,123.0,40.3,3.57,3.75,1.71,0.22,1.25,581.6
1377.8,6.2,15.6,59.8,29.1,2.05,1.8,1.01,0.22,3.52,225.9
2432.7,43.5,2.8,26.2,42.6,2.05,3.59,1.26,0.82,3.38,306.7
2911.9,31.7,29.1,138.3,51.4,3.86,3.77,2.1,0.84,1.15,606.6
2883.8,42.3,53.9,223.0,80.0,5.76,5.38,4.42,0.45,3.07,1191.3
2583.7,15.6,58.9,190.4,50.3,4.78,3.61,1.76,0.7,2.87,759.9
2197.7,29.5,9.2,59.6,30.0,2.07,3.22,0.74,0.61,3.23,313.8
635.6,32.1,2.9,79.1,23.6,2.05,2.87,1.23,0.23,2.41,317.0
852.6,17.7,14.6,92.9,30.2,2.57,2.54,0.62,0.36,1.72,367.5
2916.0,38.9,2.4,74.2,48.6,2.6,4.2,0.17,0.37,3.06,387.1
2098.0,42.9,54.4,172.7,46.9,4.75,4.91,4.46,0.57,2.06,994.0
425.8,40.4,4.1,64.6,47.0,2.77,3.8,0.61,0.56,1.54,392.7
684.1,34.6,5.8,56.0,20.1,2.31,3.11,1.01,0.8,2.19,294.7
2257.8,16.1,10.4,98.2,29.2,2.73,2.73,0.31,0.7,3.4,266.6
414.2,16.3,9.7,102.7,35.8,2.18,2.63,0.65,0.75,2.42,251.9
850.3,43.5,31.7,70.0,32.1,2.37,4.04,2.41,0.77,1.82,452.2
1936.5,5.4,12.2,42.3,35.0,1.68,1.54,1.04,0.71,3.63,127.3
2337.3,33.6,3.7,85.5,39.0,2.6,3.52,0.26,0.38,3.8,364.5
2225.5,33.2,6.2,46.9,25.1,2.0,3.56,1.09,0.3,2.27,327.7
1028.0,29.9,14.2,114.6,39.6,2.94,3.66,0.75,0.55,2.07,424.8
2394.1,44.6,3.2,45.2,25.6,1.76,3.4,0.25,0.63,2.88,251.3
1064.3,17.5,18.9,49.2,21.5,2.09,1.75,0.66,0.42,1.0,220.8
1311.1,18.6,16.7,49.1,21.7,1.45,2.23,0.68,0.74,3.15,202.4
2490.2,8.2,25.1,70.2,40.9,2.81,2.45,0.74,0.82,3.46,292.5
2219.0,22.7,55.5,124.7,27.8,2.36,2.5,2.16,0.55,2.15,510.4
2777.8,15.4,48.7,149.3,59.8,4.22,3.24,1.48,0.47,1.39,637.4
2241.3,18.7,58.4,230.1,58.7,5.0,3.7,1.92,0.74,0.9,869.9
1991.3,38.4,5.6,91.3,30.3,2.83,3.79,1.13,0.17,2.97,481.5
662.3,42.4,2.8,45.6,34.1,1.87,3.4,0.22,0.24,1.71,274.8
1429.6,12.4,7.2,67.7,44.1,2.19,2.5,0.33,0.74,2.38,195.6
1142.6,19.9,45.1,178.5,61.1,4.39,3.58,1.89,0.66,2.11,729.6
1083.2,42.1,71.5,222.2,64.0,6.37,5.33,5.5,0.44,1.39,1200.0
3124.4,7.5,39.2,139.3,53.8,3.1,2.57,1.3,0.77,2.53,433.1
1500.7,8.7,2.3,11.7,10.0,1.59,1.41,0.94,0.4,2.36,145.0
2897.7,11.5,58.9,128.9,39.0,2.73,2.7,1.16,0.59,2.92,512.4
2167.2,28.8,11.0,44.0,20.6,1.72,3.04,1.26,0.59,1.66,297.2
2625.5,11.0,0.2,13.1,32.1,1.53,2.16,0.61,0.28,1.53,130.1
1807.4,43.7,11.7,95.8,34.2,2.99,4.07,1.78,0.35,3.57,531.2
2015.3,22.9,0.9,23.3,31.0,1.54,2.29,0.19,0.79,3.19,155.5
1779.0,25.1,15.7,116.7,45.3,2.75,3.09,1.63,0.28,3.43,456.4
946.7,14.9,8.3,94.6,30.1,2.81,2.56,0.41,0.27,1.22,319.4
2422.9,23.8,12.8,105.9,34.4,2.41,2.69,0.91,0.49,1.56,382.3
1186.2,31.5,19.0,134.7,54.6,4.01,3.82,1.22,0.21,2.76,652.6
468.1,35.0,40.6,132.1,37.6,3.42,3.78,2.6,0.78,3.71,672.5
2207.3,35.2,21.7,90.6,37.3,2.0,2.94,1.59,0.22,3.83,428.7
895.9,28.1,11.4,42.4,21.4,1.22,2.7,0.71,0.58,3.63,218.8
3033.3,41.2,34.2,136.7,42.1,3.6,4.24,2.98,0.39,0.95,685.7
3071.0,37.7,47.2,219.0,59.0,5.27,4.76,3.37,0.71,3.59,963.0
2961.6,35.3,2.6,74.4,27.1,2.93,3.38,0.62,0.56,3.86,339.1
1436.4,7.2,15.2,78.4,26.4,1.79,1.45,0.29,0.42,0.99,189.4
443.3,5.3,6.7,79.1,36.5,2.21,2.32,1.46,0.84,2.22,226.7
2999.3,13.5,1.0,15.0,15.9,0.8,1.45,0.45,0.2,2.62,116.1
1598.9,31.5,22.1,80.7,28.0,2.19,3.29,1.25,0.55,1.59,349.8
3106.6,21.4,39.7,191.6,47.0,4.9,3.89,1.98,0.84,2.56,773.7
3098.1,21.1,3.6,46.0,27.7,1.25,1.5,0.2,0.63,3.81,112.3
2788.4,40.4,33.5,140.8,52.9,3.98,4.83,2.28,0.67,3.75,675.1
1224.5,40.8,38.4,109.3,51.7,3.52,4.37,2.91,0.17,4.0,682.5
1478.3,41.4,49.1,208.3,51.7,5.05,4.72,3.71,0.16,2.45,998.2
2783.2,17.6,6.2,57.9,47.6,2.12,2.4,0.26,0.18,2.2,234.0
1287.4,32.6,46.9,203.3,48.6,4.25,3.83,2.72,0.84,3.06,755.7
874.6,15.9,7.7,82.2,43.5,2.94,3.15,1.37,0.84,2.22,265.6
1959.0,12.6,16.1,120.3,35.9,3.64,2.62,0.47,0.38,0.94,425.3
3021.2,12.4,1.0,29.5,18.3,1.46,1.72,0.09,0.35,3.25,124.5
2348.9,18.7,0.9,79.0,28.3,3.16,2.75,1.99,0.25,1.76,443.9
1996.2,22.2,25.5,76.9,33.4,2.16,2.68,1.09,0.38,0.97,373.0
672.1,38.2,11.8,46.5,33.0,1.99,3.72,1.21,0.41,0.87,345.0
2122.0,9.8,5.9,48.5,34.1,2.32,2.56,0.2,0.67,3.97,151.8
3172.2,34.4,4.2,77.7,26.4,2.02,3.1,0.56,0.76,1.66,278.6
792.2,26.3,22.2,107.0,31.3,2.21,2.98,1.17,0.67,2.32,386.1
1851.3,16.5,0.0,67.2,24.8,1.36,2.03,1.3,0.6,4.03,178.1
2856.6,24.7,32.8,163.1,48.5,4.62,3.64,1.58,0.69,2.39,674.0
2474.2,17.0,1.7,25.5,22.9,1.18,2.56,0.4,0.67,1.07,157.0
2351.6,28.8,4.3,88.1,28.3,2.28,3.38,1.36,0.48,2.68,344.3
2367.0,22.4,9.8,33.0,28.1,1.1,2.24,2.18,0.39,1.1,214.3
1406.6,11.6,13.3,107.1,57.4,3.06,2.93,0.3,0.35,1.12,374.4
1222.1,9.7,8.8,52.5,25.4,1.49,2.03,0.86,0.63,3.7,169.9
2666.2,26.9,7.7,62.6,27.8,1.79,2.75,0.54,0.82,1.78,190.1
2668.3,41.1,66.4,235.1,66.8,6.27,5.53,4.91,0.56,3.11,1200.0
2827.8,18.8,20.5,70.0,28.1,1.72,2.66,0.83,0.79,2.53,231.4
2957.1,34.3,0.5,32.9,31.3,1.43,2.7,0.23,0.16,1.56,246.3
1831.8,31.3,11.2,43.8,22.1,2.29,3.59,0.66,0.71,2.56,335.2
1804.2,42.3,41.6,95.6,51.9,3.42,4.17,3.27,0.75,1.03,648.8
2635.2,37.8,7.2,35.6,29.2,1.66,3.59,0.77,0.59,1.98,297.7
2219.9,27.7,2.0,47.8,23.6,1.81,2.77,0.18,0.8,2.58,161.5
2365.5,31.3,28.4,154.3,43.1,3.5,3.8,1.79,0.56,1.58,565.7
2628.2,40.9,18.6,87.6,31.7,3.33,4.11,2.72,0.32,3.04,630.7
2892.0,21.0,16.9,129.9,54.4,2.8,2.75,1.09,0.3,0.98,440.2
1346.4,18.1,1.1,55.7,19.9,1.92,2.28,0.3,0.54,2.45,201.4
1451.6,5.4,3.0,66.9,26.7,2.05,2.12,1.02,0.78,3.23,189.9
663.1,38.1,19.5,113.6,35.9,3.34,3.4,1.58,0.2,2.26,551.7
2019.2,37.0,4.7,52.8,29.4,2.28,3.14,0.35,0.57,3.77,311.2
500.6,9.2,14.0,84.0,32.9,2.28,1.88,0.53,0.69,2.95,243.0
1703.7,28.1,15.7,44.5,16.1,1.85,2.54,0.82,0.23,4.06,279.6
1919.4,23.6,6.7,81.6,31.5,2.4,3.21,0.85,0.23,1.77,378.5
1202.3,9.7,59.3,242.3,62.8,4.05,3.2,2.33,0.41,3.99,797.0
2054.3,44.2,37.0,111.6,35.1,2.55,4.08,2.9,0.34,2.86,593.9
485.4,13.6,25.6,143.0,51.2,3.06,2.47,0.81,0.29,3.33,454.5
504.6,7.7,1.6,9.8,29.1,0.93,1.71,0.24,0.29,3.87,70.2
2703.3,28.8,2.2,28.5,24.5,0.96,2.05,0.24,0.24,2.67,211.1
1408.5,34.6,13.6,37.3,28.6,1.98,3.73,1.41,0.58,3.73,301.7
755.8,6.3,3.5,70.9,15.5,2.07,1.65,0.42,0.63,2.64,235.1
1862.3,31.3,76.6,243.9,60.5,5.86,4.72,4.03,0.64,2.84,1142.9
2556.0,26.3,3.5,74.6,41.5,1.65,2.52,0.88,0.52,2.31,270.5
1004.3,9.1,13.4,37.3,23.3,1.57,1.47,0.29,0.82,1.3,141.8
2144.1,11.9,9.1,70.6,26.8,1.03,2.12,1.73,0.77,2.68,185.3
639.0,27.7,20.4,97.9,55.9,2.68,3.37,1.13,0.82,4.12,386.8
544.7,16.9,2.8,23.3,38.7,1.39,2.35,0.46,0.42,3.48,139.7
1887.8,42.5,11.3,90.0,39.9,2.62,3.57,0.83,0.76,3.34,374.0
1913.8,37.7,6.4,23.6,33.4,0.8,2.87,0.57,0.68,2.99,199.5
2184.8,44.3,43.7,167.4,32.3,4.16,4.79,3.88,0.39,1.98,863.6
2433.1,15.4,0.8,43.6,21.5,1.24,1.97,0.28,0.22,1.38,147.0
3132.4,43.8,49.0,149.6,43.2,3.74,4.16,4.52,0.63,1.56,806.2
1845.6,22.2,35.8,98.1,35.8,3.01,3.31,1.67,0.25,0.82,530.6
1304.3,18.9,7.1,36.1,22.6,2.37,2.62,1.28,0.36,3.09,263.1
2626.5,7.0,31.1,117.5,20.8,2.82,1.96,1.98,0.5,3.56,410.0
1158.3,7.1,0.6,24.7,27.5,1.04,0.94,0.25,0.63,1.71,59.1
1629.1,32.7,68.1,219.3,63.8,5.63,4.89,4.04,0.8,1.11,1070.3
619.7,23.3,15.0,80.8,47.4,2.73,3.58,1.3,0.57,1.94,360.0
471.0,14.1,7.2,68.5,26.0,2.3,2.06,0.27,0.62,1.79,212.4
3095.4,29.6,9.0,66.8,25.1,3.16,3.52,1.23,0.37,2.33,428.9
2740.7,15.1,1.4,67.3,10.7,1.73,2.38,0.39,0.63,1.7,195.7
2348.7,28.1,90.8,311.6,73.7,7.45,5.01,4.77,0.46,1.96,1200.0
1545.1,19.4,0.8,17.1,30.3,1.88,2.27,0.06,0.75,3.89,110.6
885.2,37.9,21.3,72.3,28.1,2.88,3.55,1.93,0.42,1.94,473.0
838.0,37.8,11.7,95.9,54.4,1.87,3.56,0.89,0.48,3.47,357.6
1100.7,24.1,59.5,161.5,47.0,4.02,3.92,3.04,0.45,2.93,787.4
1937.8,19.0,5.6,31.0,26.8,2.08,2.5,0.46,0.72,1.95,196.2
2400.9,19.5,15.2,35.4,15.5,2.73,2.57,0.62,0.82,3.58,278.6
2248.6,37.2,13.2,97.2,39.8,2.91,3.64,2.04,0.38,2.82,495.7
1183.8,18.1,24.3,97.7,21.7,2.4,2.41,1.31,0.48,0.83,342.5
3073.6,13.4,1.4,83.2,40.5,1.85,1.83,1.73,0.64,1.03,243.8
2466.1,8.4,4.3,83.0,40.7,3.15,2.38,0.24,0.78,3.36,248.3
1952.2,23.7,4.8,44.7,38.9,2.0,2.8,0.61,0.5,2.32,240.2
2112.8,24.3,26.8,123.2,34.0,2.71,3.13,1.46,0.23,2.18,463.5
1574.9,38.6,4.2,40.9,28.6,1.57,3.21,0.74,0.41,1.3,274.9
1093.6,13.8,17.0,62.3,35.7,2.13,2.24,0.41,0.54,1.33,217.4
1396.7,20.2,4.8,26.0,28.2,1.63,2.3,0.3,0.44,3.51,184.0
2522.0,37.3,39.6,94.3,30.1,2.45,3.22,3.42,0.28,3.62,587.8
440.3,37.9,57.0,151.4,28.1,3.57,4.12,3.83,0.18,2.7,818.2
725.0,20.4,14.6,55.7,32.8,1.26,2.02,1.79,0.63,1.8,213.2
528.8,23.4,8.7,51.1,28.0,2.23,2.41,0.43,0.84,3.97,241.3
514.0,17.1,5.3,95.5,32.7,2.32,2.57,2.54,0.79,2.92,318.0
2795.3,42.3,1.0,51.2,35.3,1.97,3.42,0.55,0.63,3.51,287.1
2370.2,9.7,6.3,99.8,37.6,3.09,2.51,0.7,0.74,0.81,275.0
1727.7,42.3,21.2,94.7,26.5,2.72,4.13,1.7,0.33,2.33,486.5
673.9,32.4,15.3,79.1,18.8,2.22,2.96,1.77,0.59,3.76,370.6
1776.5,26.3,57.7,216.9,50.0,5.0,4.16,2.84,0.19,1.95,940.3
1725.7,6.3,10.1,45.0,47.2,1.73,1.21,0.56,0.65,3.27,137.1
885.0,24.0,23.7,93.3,42.6,3.11,3.56,0.99,0.83,3.04,402.9
1614.8,21.3,13.4,106.7,40.7,2.83,2.57,0.88,0.75,1.32,332.3
1515.8,11.4,14.4,108.0,38.0,2.46,2.12,1.12,0.52,3.43,283.5
2124.4,31.3,6.2,28.7,23.2,1.89,3.32,0.4,0.7,1.18,228.4
2178.3,43.8,12.1,50.2,38.4,2.43,3.8,1.42,0.81,3.27,354.5
526.9,27.5,12.7,78.9,30.3,1.74,2.43,0.59,0.3,4.17,333.2
1448.9,33.6,24.5,102.2,43.0,3.46,3.99,2.42,0.71,4.06,557.9
2152.4,7.7,56.5,139.1,42.3,3.4,2.66,2.36,0.34,3.52,612.4
1808.8,21.7,8.0,35.9,42.0,1.72,2.27,0.46,0.76,2.62,169.4
2798.2,9.7,0.9,41.3,33.4,2.03,1.84,0.06,0.22,3.09,169.1
2244.3,29.5,13.7,64.7,41.6,1.89,2.79,1.1,0.27,3.28,319.5
856.2,42.5,15.7,80.9,29.9,2.77,3.9,1.13,0.65,0.83,412.0
597.6,31.5,3.7,20.5,32.2,1.19,2.21,0.46,0.27,1.15,203.8
2198.8,8.1,28.6,115.6,38.3,2.22,1.93,0.51,0.26,2.83,349.6
474.2,19.2,83.9,330.8,80.4,6.71,5.0,2.94,0.54,0.82,1200.0
2040.2,27.0,58.3,147.9,59.7,4.28,3.63,2.63,0.73,3.89,735.2
3032.6,21.1,4.4,84.7,26.9,1.91,2.35,0.18,0.34,2.46,291.4
2011.3,38.3,41.6,186.1,55.1,5.22,4.54,2.67,0.74,1.68,886.3
1486.9,37.6,24.4,159.6,52.2,4.3,4.54,1.91,0.72,2.14,714.4
2201.2,29.5,12.1,93.0,40.9,3.06,3.73,0.92,0.56,3.69,404.7
1683.1,19.9,15.6,85.3,31.8,2.42,2.95,0.62,0.6,3.95,304.1
1927.7,15.2,37.9,170.1,67.3,4.0,2.82,1.38,0.18,1.2,653.9
3036.1,9.2,13.1,36.1,16.1,1.08,1.65,1.06,0.41,3.45,177.1
1481.1,19.2,9.3,71.9,44.6,2.55,3.04,0.43,0.33,2.77,308.4
3091.3,21.5,13.6,104.6,48.5,2.85,3.06,1.2,0.26,2.79,393.4
2935.0,32.0,17.3,116.0,56.1,3.24,3.76,1.36,0.42,3.45,532.8
948.2,31.3,4.2,88.4,23.2,3.03,3.39,0.23,0.4,1.56,430.7
594.2,7.8,46.2,175.7,44.7,3.54,2.61,0.79,0.66,2.61,488.5
682.2,20.8,22.4,113.5,52.4,2.87,3.22,1.06,0.57,1.89,449.4
451.0,12.3,20.1,115.3,25.7,2.92,2.58,0.94,0.79,1.12,338.3
664.4,11.3,2.1,67.9,19.4,1.65,1.57,0.17,0.25,1.16,167.4
2312.4,38.1,18.5,86.5,31.7,2.42,3.45,2.8,0.19,1.26,522.9
599.3,6.7,2.6,82.9,36.5,2.45,2.31,0.49,0.52,2.89,192.5
1293.1,21.8,1.6,70.7,45.5,1.94,2.62,0.25,0.15,1.16,261.0
2765.7,11.7,15.0,106.7,37.7,3.18,2.62,0.33,0.7,2.74,295.4
465.2,40.2,10.3,83.6,30.2,1.76,3.24,0.77,0.5,2.8,353.4
2680.5,27.3,17.8,62.9,33.8,2.54,3.38,1.08,0.49,3.87,416.3
1189.2,14.3,1.9,14.0,26.3,1.48,2.37,0.32,0.4,2.93,117.3
730.9,25.1,11.3,102.7,42.0,2.42,3.23,1.06,0.41,4.15,372.6
2350.9,34.3,3.8,56.4,28.7,1.51,3.33,0.74,0.45,0.91,271.6
2161.0,43.3,87.0,241.3,47.8,5.39,5.08,5.5,0.16,3.19,1200.0
2856.9,13.8,16.5,62.6,23.9,1.67,1.89,0.74,0.21,0.89,263.5
2458.2,40.4,23.3,129.4,54.7,3.82,4.28,1.58,0.5,3.28,639.4
2649.7,42.4,7.9,91.2,37.9,2.46,3.81,0.76,0.26,2.11,415.8
1189.7,41.7,2.0,69.9,30.0,2.54,4.16,0.72,0.7,2.88,361.3
896.8,30.4,74.5,223.5,69.2,5.5,4.86,3.98,0.34,1.85,1038.6
2501.7,30.2,6.7,54.0,20.7,2.13,3.18,1.06,0.22,1.34,349.1
2659.1,21.1,11.0,49.2,27.0,1.51,1.95,1.88,0.31,3.26,251.7
3173.4,35.1,21.0,73.9,34.4,1.95,2.78,1.6,0.4,3.88,388.5
1555.3,26.3,0.5,68.5,28.8,1.99,2.84,0.08,0.17,1.42,285.4
1441.7,32.1,33.2,118.5,42.1,2.91,3.71,1.97,0.25,3.93,540.9
2574.0,22.1,15.4,89.4,34.6,1.83,2.49,0.57,0.38,1.28,325.0
1354.2,34.3,6.5,61.3,19.8,1.89,3.62,0.74,0.37,3.3,317.9
3006.1,38.0,1.3,47.1,29.9,1.76,3.0,0.77,0.71,4.06,281.4
2803.6,10.9,3.5,81.3,24.0,2.73,2.05,0.46,0.74,1.3,206.9
1601.2,38.3,45.1,105.1,40.2,3.57,3.93,3.5,0.29,2.28,685.9
2502.4,26.6,23.2,109.7,50.7,3.41,3.27,1.67,0.24,1.95,536.6
2512.7,38.8,5.8,22.3,21.8,1.67,3.4,1.13,0.59,2.12,283.7
688.7,22.3,1.4,11.5,12.7,1.31,2.17,0.17,0.71,3.36,120.6
2927.1,20.2,23.5,103.0,37.5,2.21,2.19,1.61,0.82,3.05,318.2
1814.7,41.6,17.0,63.1,24.7,2.16,3.85,1.6,0.15,4.09,415.4
2714.1,15.0,10.4,94.4,41.8,2.71,2.11,0.4,0.44,1.43,294.9
1296.1,38.8,9.0,70.3,31.5,2.74,3.48,2.33,0.66,2.65,442.3
2907.5,24.4,4.9,19.4,37.2,1.6,2.11,1.4,0.73,2.33,199.4
1489.8,25.6,22.1,65.7,41.1,2.69,3.12,1.29,0.19,3.92,456.0
430.3,17.3,70.6,227.7,59.8,4.65,3.58,2.78,0.63,0.84,866.4
2935.1,27.9,3.9,77.9,39.8,2.08,3.38,0.3,0.35,4.16,260.2
655.6,18.0,18.2,77.7,30.8,2.43,2.8,0.76,0.2,2.43,376.9
1294.1,6.6,11.0,66.6,32.3,2.48,2.38,0.2,0.49,2.93,227.6
3060.2,15.9,11.8,99.4,35.0,2.49,2.56,0.61,0.26,2.02,339.4
3061.7,5.3,5.9,63.4,37.5,1.93,1.46,0.33,0.67,3.7,152.3
2005.6,44.1,34.9,137.4,56.2,4.1,4.66,2.66,0.67,2.71,755.7
2169.1,43.6,13.3,94.3,43.4,2.19,3.89,1.41,0.74,3.05,408.4
1655.6,20.8,15.7,82.4,42.2,3.0,3.14,0.59,0.41,3.01,401.5
1221.0,34.1,7.3,74.5,40.8,1.86,3.0,0.44,0.16,2.04,342.8
1320.3,18.8,4.0,62.2,35.6,1.19,2.17,0.32,0.33,1.06,175.2
2283.1,31.8,1.8,82.8,25.8,2.26,2.95,0.31,0.48,3.55,295.8
2506.6,37.2,25.0,76.6,47.4,3.22,3.62,1.71,0.64,1.79,510.6
2616.4,42.9,4.4,89.5,50.5,2.66,3.64,0.43,0.42,3.69,382.1
2610.9,21.0,23.4,111.2,38.2,3.14,3.04,0.99,0.53,2.87,457.9
655.4,36.3,9.9,78.7,31.2,2.3,3.13,0.67,0.52,2.0,353.7
1784.4,15.6,10.7,32.3,30.7,1.47,1.91,0.49,0.27,2.82,198.9
561.2,44.6,12.7,72.5,37.5,1.66,3.78,1.88,0.59,2.99,421.6
1938.7,6.0,9.2,82.6,33.2,1.35,1.23,0.19,0.46,3.2,156.6
1636.3,29.1,2.1,64.8,21.7,2.06,2.83,0.56,0.72,3.6,249.4
2885.6,31.4,7.4,26.6,27.2,1.98,3.05,0.45,0.63,1.34,236.6
1382.6,32.5,21.8,106.6,43.6,3.01,3.62,1.36,0.23,4.01,511.1
727.8,9.8,21.9,83.6,40.9,2.58,2.1,0.51,0.49,2.2,303.6
800.4,42.5,6.7,101.7,41.1,3.26,4.37,1.58,0.64,3.73,522.6
2532.2,12.2,12.3,102.3,36.2,2.71,2.56,0.48,0.21,1.55,326.4
2131.0,29.9,4.3,15.8,30.8,1.22,2.91,0.68,0.7,0.9,160.4
683.1,13.9,4.7,84.1,35.7,1.96,2.13,0.48,0.31,2.75,267.7
635.5,17.3,0.5,75.1,29.8,2.94,2.63,0.07,0.5,1.9,257.1
2362.7,26.9,45.4,128.1,41.6,3.58,3.36,3.16,0.81,4.15,639.9
603.7,21.7,4.7,74.8,19.5,1.76,2.53,0.34,0.55,1.16,213.1
2701.2,11.4,5.2,49.2,27.4,1.28,1.63,0.12,0.45,0.96,92.5
2377.5,11.8,6.6,66.2,37.4,2.52,2.16,0.27,0.15,0.95,268.7
627.8,21.7,2.7,35.5,29.1,1.13,2.06,0.26,0.24,1.54,196.5
637.5,35.3,20.4,87.5,47.9,3.36,3.68,1.24,0.56,2.77,489.0
3162.6,40.9,1.6,41.4,25.3,0.53,2.91,0.49,0.5,2.52,182.5
1448.0,8.4,2.9,22.6,28.0,1.91,1.5,0.21,0.4,1.99,125.1
1437.8,20.7,20.7,115.9,47.2,3.11,3.09,1.11,0.8,1.1,394.5
2675.8,9.0,8.3,50.9,47.9,1.84,2.02,0.13,0.38,1.59,116.8
3052.3,5.7,24.6,107.8,40.6,2.6,1.88,1.84,0.53,1.43,354.8
3160.8,31.5,16.3,103.0,30.2,3.44,4.18,0.93,0.55,3.34,496.3
2509.5,29.1,5.9,62.2,38.0,2.27,3.06,0.72,0.52,3.45,324.5
1453.5,11.5,21.0,91.7,51.4,2.12,1.72,0.91,0.48,3.44,324.9
633.8,14.4,2.5,85.4,32.8,1.6,1.94,0.13,0.39,4.09,206.5
2576.0,5.9,15.4,103.7,45.4,2.66,2.09,0.2,0.79,3.81,265.1
1963.5,38.4,11.5,53.5,39.5,1.96,3.49,0.8,0.47,2.49,306.9
1587.8,44.0,6.2,54.1,37.9,1.3,3.29,0.57,0.52,2.21,317.6
2937.8,10.4,18.5,113.7,41.5,2.76,2.08,0.4,0.61,3.91,339.2
711.4,14.3,41.0,167.7,44.6,3.52,2.6,1.42,0.2,2.88,584.4
1779.4,39.7,136.3,400.0,91.3,9.0,6.45,5.5,0.7,1.8,1200.0
431.8,42.1,18.7,66.2,35.6,2.53,3.68,1.62,0.51,2.72,456.3
1712.2,21.8,10.4,44.6,35.3,2.34,2.43,0.4,0.61,4.17,273.7
557.6,7.0,5.1,74.5,36.1,2.49,1.86,0.85,0.69,3.69,207.3
732.7,6.6,5.9,82.1,31.7,1.95,1.95,0.14,0.76,1.76,136.4
729.1,28.0,13.1,108.2,43.9,2.91,3.7,0.79,0.42,4.04,416.8
2217.8,20.7,9.2,87.6,42.7,2.41,2.88,0.35,0.72,4.14,294.7
2488.9,6.1,49.0,151.9,50.4,2.88,2.51,0.56,0.33,1.59,433.8
2033.4,28.3,9.2,30.1,18.7,1.65,2.98,0.87,0.61,3.85,172.4
3094.1,5.5,9.4,109.9,38.3,3.41,2.59,0.56,0.22,3.8,386.2
1449.6,36.5,9.7,50.7,36.7,1.89,3.17,1.04,0.16,0.94,356.5
1200.0,17.3,36.2,102.8,27.4,2.06,2.4,1.36,0.22,3.08,417.7
2832.1,6.6,21.0,131.5,26.9,3.02,2.16,1.45,0.37,1.84,379.3
1026.1,28.5,19.0,104.5,50.9,2.33,2.99,1.19,0.17,3.09,395.4
3097.0,20.9,8.1,38.4,31.0,1.97,2.52,0.52,0.59,3.91,199.7
434.0,44.0,34.1,155.6,52.9,4.25,4.86,2.61,0.37,2.5,795.6
3115.7,26.8,0.8,82.2,26.2,2.17,3.0,0.08,0.67,2.21,235.6
520.8,16.0,40.9,102.3,44.3,2.66,2.53,1.41,0.18,3.93,491.8
2895.2,33.4,14.4,111.9,42.3,2.77,3.51,0.95,0.3,4.11,437.0
1877.6,15.9,10.2,65.4,19.1,2.01,2.38,0.57,0.44,1.01,232.9
3180.3,41.2,13.7,79.5,45.7,2.11,3.75,1.04,0.42,3.94,416.1
606.6,20.0,22.0,148.3,48.0,2.86,2.48,1.46,0.24,1.08,474.2
1950.8,27.0,0.3,78.8,31.0,2.64,2.84,3.25,0.85,1.95,367.7
3114.0,7.0,41.0,130.5,40.5,2.91,2.51,0.64,0.35,3.39,423.3
1864.7,22.0,11.8,53.7,13.5,1.9,2.52,1.17,0.65,3.44,239.5
2162.3,38.3,8.4,36.1,31.2,1.74,3.17,1.36,0.3,3.27,336.2
2348.1,37.2,3.0,55.5,32.1,1.99,3.27,2.4,0.76,0.93,346.2
1672.7,14.0,11.6,44.2,26.4,1.23,1.76,0.44,0.42,1.25,171.7
2157.2,14.0,13.7,68.9,42.6,1.44,2.06,0.89,0.78,3.98,179.0
2036.1,37.7,10.3,34.4,15.1,1.33,2.78,0.75,0.39,1.08,267.4
2923.2,42.2,22.7,84.5,30.4,2.69,3.9,1.99,0.16,1.07,572.0
527.2,8.8,10.9,28.4,18.3,1.15,1.59,0.65,0.51,3.64,93.6
1186.7,23.0,65.1,189.6,51.9,4.39,3.8,3.04,0.52,2.98,882.5
3061.2,18.5,18.3,80.7,35.1,3.17,2.98,0.66,0.23,2.0,406.9
2892.7,39.8,33.0,126.9,46.3,2.71,3.91,2.94,0.31,1.36,619.7
1675.8,8.3,2.3,77.0,31.1,1.86,1.69,0.25,0.7,3.81,164.0
2136.4,13.4,10.1,89.8,29.1,3.14,2.43,0.32,0.18,4.16,307.9
1176.7,35.1,8.2,48.1,42.1,1.81,3.76,0.79,0.49,0.97,332.9
926.7,7.1,16.9,54.5,49.1,1.59,1.57,0.99,0.52,2.68,230.6
1698.4,24.7,39.5,188.2,55.0,4.77,3.91,2.99,0.63,1.69,817.9
1389.4,22.7,1.6,38.2,20.8,1.6,2.6,0.61,0.18,3.63,182.6
2034.2,18.4,1.5,67.5,44.0,1.88,2.74,0.05,0.56,1.98,212.5
617.7,20.8,38.0,151.9,35.8,3.61,3.1,1.37,0.15,3.23,645.7
3128.3,26.2,4.8,41.7,24.8,1.39,2.26,0.24,0.34,2.63,237.3
3161.4,11.5,22.1,99.8,32.4,2.16,1.81,0.46,0.5,2.64,253.8
2354.9,27.9,15.7,103.5,29.4,2.62,3.55,0.92,0.79,3.72,396.7
1901.1,37.2,35.8,145.5,43.9,3.3,3.66,2.38,0.24,2.4,705.1
1266.7,35.4,2.7,16.2,16.0,1.26,2.91,0.21,0.27,3.68,216.2
2678.6,11.2,2.8,50.8,29.2,1.91,1.75,0.91,0.62,2.04,137.5
2317.2,11.0,16.3,38.2,27.1,1.96,1.64,0.68,0.41,1.39,226.5
855.3,15.7,58.5,239.8,58.2,5.52,3.77,2.17,0.59,2.35,938.8
2950.6,19.4,10.7,102.4,35.5,2.44,2.41,0.53,0.85,2.49,273.5
2703.1,21.3,7.9,58.2,28.6,2.12,2.42,0.49,0.84,2.43,187.3
3059.4,32.2,18.7,130.0,49.9,3.41,4.22,1.15,0.4,3.55,563.3
2432.0,7.3,53.3,180.6,51.3,4.02,2.85,0.88,0.5,2.72,593.8
2117.6,6.4,36.3,172.0,57.6,3.51,2.7,0.76,0.78,3.82,477.8
1571.1,20.7,108.0,380.3,93.1,8.14,5.48,3.99,0.21,2.55,1200.0
3011.6,32.9,0.5,14.3,27.2,1.42,2.83,0.75,0.47,1.56,170.7
2825.0,12.7,2.4,27.7,36.1,0.74,1.44,0.97,0.41,1.24,135.7
526.6,30.7,18.8,96.4,28.4,2.48,3.29,1.21,0.36,3.75,423.7
473.8,15.4,34.4,133.6,40.3,2.17,2.36,0.99,0.85,0.99,357.8
1454.1,40.4,6.7,61.9,45.2,1.5,3.13,1.61,0.66,1.2,324.9
2669.5,40.8,5.5,58.9,28.5,1.59,3.36,0.9,0.42,1.02,298.1
3164.4,16.9,30.9,153.3,25.1,3.85,2.98,1.28,0.73,2.24,508.4
821.2,14.2,1.2,41.5,25.8,1.9,2.1,0.57,0.49,2.61,134.0
2063.6,21.5,9.2,91.5,37.6,2.22,2.56,0.36,0.76,0.87,286.1
1466.5,14.6,14.1,102.0,17.4,2.85,2.27,0.37,0.34,2.55,332.9
3115.8,31.9,16.4,125.7,53.3,3.49,3.15,0.94,0.31,2.14,530.2
2757.9,38.0,26.1,89.1,30.3,2.54,3.39,1.72,0.32,3.43,483.3
2747.3,31.9,8.8,64.8,34.3,1.5,3.3,0.68,0.53,3.62,254.3
1712.3,38.0,19.0,83.5,33.2,2.38,3.47,1.27,0.35,3.13,451.8
1561.5,20.9,17.6,71.2,22.5,2.1,2.76,1.38,0.25,2.41,358.4
1165.5,11.3,15.9,73.3,24.6,1.65,1.35,0.64,0.85,1.53,168.4
557.9,34.5,20.5,132.7,36.4,3.37,3.56,1.36,0.78,3.68,516.8
2821.2,19.4,6.0,49.9,37.7,1.9,2.06,0.22,0.59,1.96,167.6
2676.1,31.9,1.8,48.3,27.5,1.92,2.98,0.45,0.77,2.01,246.5
3199.2,15.8,2.5,83.3,30.8,2.37,3.04,0.12,0.8,3.91,244.8
3190.6,8.2,5.1,22.3,16.5,1.63,1.84,0.61,0.62,4.12,128.9
1955.2,44.7,13.9,83.7,44.6,2.43,4.33,1.68,0.51,3.85,452.6
2553.2,11.2,36.7,179.0,63.9,4.0,2.87,1.0,0.77,4.19,551.8
3045.3,44.5,24.2,98.7,47.2,2.77,4.39,1.86,0.55,3.75,565.6
2779.0,44.1,31.1,139.1,49.0,3.45,4.85,2.91,0.24,3.19,747.8
1092.6,36.8,8.6,42.3,29.9,2.25,3.4,0.68,0.41,1.8,370.1
1661.5,31.4,10.4,105.0,29.2,1.84,2.84,0.64,0.46,4.04,316.9
761.6,28.1,10.0,60.7,29.0,2.33,2.7,0.72,0.8,3.78,256.7
3071.3,39.6,4.3,41.5,22.0,1.41,3.11,1.31,0.61,1.62,276.8
2097.3,16.6,1.3,53.6,15.0,1.51,2.1,0.18,0.76,2.46,137.3
1040.2,23.7,17.9,79.0,42.7,2.45,3.37,1.65,0.68,1.04,366.2
2280.8,29.8,90.6,299.2,68.3,6.53,4.68,4.52,0.37,4.04,1200.0
2130.8,21.4,3.7,45.1,37.7,1.38,2.28,0.17,0.65,2.75,179.7
1402.9,22.1,1.0,34.4,33.2,1.18,1.76,0.51,0.29,1.63,167.5
718.0,18.2,30.2,100.9,42.6,2.63,2.56,1.0,0.44,1.79,378.7
2280.4,27.6,5.8,64.3,36.5,1.69,2.79,0.42,0.71,4.13,203.2
1856.9,39.0,35.4,135.7,39.5,4.16,4.53,2.36,0.58,2.89,720.1
2562.5,13.1,24.3,104.8,53.7,3.44,2.92,0.69,0.73,2.23,461.1
1856.5,42.4,58.3,135.2,44.7,3.2,4.23,4.25,0.33,2.5,783.4
2786.1,32.6,10.5,35.8,28.9,1.84,3.18,1.1,0.67,1.14,268.5
1945.3,37.9,21.7,125.2,37.4,3.5,4.06,1.86,0.29,1.06,656.7
1970.6,27.2,12.5,108.4,32.1,2.94,3.0,1.81,0.53,2.82,430.1
2854.6,36.2,19.9,93.6,40.7,2.4,3.0,1.72,0.45,2.54,454.1
1529.8,5.6,11.9,64.1,33.3,1.88,1.57,0.59,0.54,2.02,218.5
775.2,37.7,4.2,54.2,23.4,1.55,3.12,0.74,0.24,2.72,282.4
480.6,6.6,14.2,93.1,25.3,2.25,2.23,1.01,0.4,1.05,273.6
2514.4,40.6,15.0,85.8,25.3,1.94,3.45,1.16,0.62,4.01,367.6
2136.9,44.7,33.3,108.6,49.1,3.23,4.21,2.62,0.54,1.8,597.1
2371.4,16.8,26.6,141.1,40.5,2.68,2.71,1.28,0.53,1.04,466.1
996.3,13.4,21.8,52.2,26.7,1.77,1.98,0.59,0.51,1.38,217.7
781.8,35.6,2.4,48.0,40.2,1.25,3.12,1.12,0.81,1.12,209.5
440.7,15.1,25.5,148.2,37.7,3.44,3.37,0.95,0.8,1.41,449.2
1381.6,39.6,13.9,64.6,25.8,1.82,3.92,1.06,0.4,2.22,392.0
2051.8,9.1,44.9,104.0,32.6,2.79,2.31,1.28,0.4,3.31,441.8
1498.3,10.0,50.5,174.0,64.3,4.33,3.11,0.99,0.54,1.73,622.8
1624.9,44.2,1.1,74.4,49.3,2.77,4.43,1.41,0.22,2.28,465.8
2931.6,32.0,34.4,154.5,53.8,2.83,3.41,3.46,0.36,3.96,661.4
1375.1,38.9,0.8,37.9,33.1,1.24,3.25,0.49,0.31,1.81,252.1
1839.2,18.0,9.2,39.4,22.5,1.5,1.87,0.32,0.31,3.5,186.3
2594.2,32.1,15.6,128.0,58.6,3.36,3.61,0.96,0.6,1.34,509.7
1510.3,28.8,3.2,52.7,31.6,1.16,2.82,0.44,0.42,1.41,214.3
2141.8,29.1,27.4,120.4,48.5,2.76,3.09,2.09,0.27,2.35,562.9
2814.6,32.3,0.2,31.0,24.7,1.52,2.84,0.09,0.77,1.6,151.4
3058.7,28.0,3.7,40.1,25.1,1.66,2.33,0.22,0.76,3.87,159.3
811.8,22.2,17.4,122.3,55.3,3.17,3.61,0.67,0.75,0.97,394.6
2994.4,16.0,25.1,100.9,42.5,2.84,2.97,0.95,0.42,2.83,398.0
1777.9,35.7,49.7,116.1,52.5,3.71,4.08,3.82,0.19,2.85,777.3
1123.1,14.1,24.4,99.5,40.0,2.69,2.62,0.59,0.22,1.02,353.9
1685.6,32.7,22.3,119.0,34.6,3.03,3.67,1.31,0.34,3.29,518.5
3144.1,14.3,10.0,31.9,21.1,1.77,2.43,0.71,0.3,2.39,225.4
1779.3,30.0,0.0,39.8,28.0,0.7,2.26,0.7,0.76,3.26,117.2
1320.5,34.9,2.6,43.7,22.9,2.29,3.53,0.81,0.84,3.61,259.9
2173.5,13.7,15.3,109.7,30.9,1.82,2.35,0.97,0.72,1.9,280.0
1072.4,7.4,22.5,87.1,45.3,1.94,2.12,0.33,0.66,2.45,206.3
612.4,10.2,10.8,114.8,36.3,2.67,1.72,0.39,0.56,1.69,274.5
760.9,29.2,26.2,90.8,37.4,2.89,3.19,2.95,0.69,1.49,521.8
758.5,39.0,14.8,87.2,38.1,1.3,2.86,2.76,0.81,0.8,409.6
825.3,6.8,1.5,16.2,18.2,1.23,1.51,0.39,0.57,4.08,72.3
788.7,34.4,4.3,74.6,45.0,2.49,2.91,0.74,0.26,2.3,357.9
2194.4,18.7,36.7,195.1,46.2,4.6,3.07,2.35,0.26,0.84,742.9
909.3,24.1,25.8,114.7,42.7,2.68,3.53,1.28,0.56,0.83,463.2
1367.9,42.2,45.0,153.2,49.5,4.01,4.64,3.22,0.38,1.78,834.7
2911.0,18.3,2.5,47.9,28.2,1.48,2.19,0.52,0.79,0.85,119.4
1727.1,23.6,92.6,283.7,60.7,6.28,4.67,4.93,0.58,2.07,1200.0
2269.2,5.5,4.7,89.3,43.0,1.94,1.76,0.52,0.62,1.01,162.8
882.5,8.3,0.2,79.9,40.3,1.84,2.07,0.65,0.15,0.93,199.1
938.4,15.3,119.2,397.6,86.2,8.54,5.03,3.27,0.5,3.08,1200.0
514.4,6.1,6.6,102.3,44.1,2.6,2.1,0.11,0.45,3.88,266.3
873.0,30.3,22.1,66.6,35.0,2.4,3.23,1.19,0.64,2.19,378.3
1180.1,22.1,3.9,36.8,16.4,1.65,2.16,1.76,0.42,3.65,250.1
895.6,26.9,17.4,65.6,25.0,2.37,3.31,1.05,0.83,0.9,328.2
648.4,12.0,46.9,138.6,54.1,3.7,2.73,0.94,0.62,3.44,540.1
737.8,16.8,7.7,86.1,38.0,1.64,2.41,1.46,0.61,1.01,253.6
1690.2,31.6,22.2,112.8,35.8,2.57,3.34,1.44,0.79,3.65,440.8
977.7,43.6,4.2,76.5,26.9,2.1,4.11,1.03,0.85,3.8,324.1
1420.0,7.0,19.6,105.4,34.8,2.61,1.84,0.55,0.29,3.47,333.3
1809.6,40.6,8.2,62.4,27.7,1.75,3.12,0.6,0.72,3.59,305.6
2333.1,28.1,4.7,72.0,26.2,2.48,2.87,0.6,0.26,2.71,347.6
510.1,27.6,7.5,56.0,16.2,2.66,3.18,2.73,0.47,1.7,418.9
2638.3,25.0,3.9,76.6,42.9,2.26,3.23,0.18,0.22,2.99,315.6
2158.1,7.8,46.4,141.8,53.3,3.33,2.86,1.34,0.59,2.29,532.6
628.9,8.6,10.1,83.0,24.8,2.6,1.6,0.25,0.48,0.82,192.1
2846.0,29.0,5.6,60.8,32.0,1.21,2.63,0.47,0.59,2.42,234.4
2978.4,18.6,11.9,110.5,32.7,2.73,1.93,0.56,0.62,3.01,361.4
571.0,41.7,7.7,50.0,26.9,2.22,3.86,1.45,0.58,0.85,351.2
1175.3,21.3,27.3,107.2,36.5,2.54,3.06,1.25,0.36,2.91,417.3
2657.4,10.7,71.0,282.0,67.3,5.19,3.44,1.51,0.74,3.02,920.8
2495.1,33.6,11.5,71.3,48.9,2.16,3.25,1.33,0.54,1.34,337.5
916.7,16.7,39.5,192.8,51.2,4.17,3.31,1.12,0.49,2.27,632.7
986.2,26.0,16.7,66.8,25.6,1.74,2.46,0.76,0.84,4.08,255.9
1437.3,32.9,3.4,41.0,21.3,2.48,3.44,0.2,0.35,3.81,284.8
1756.7,41.0,23.5,139.2,53.4,3.35,4.08,2.07,0.52,2.2,625.3
2131.1,36.7,14.4,66.2,18.7,1.62,3.37,1.18,0.63,1.99,310.5
1433.0,32.1,21.0,107.4,33.2,2.77,3.4,1.96,0.24,1.22,519.3
1695.1,32.2,44.1,171.9,62.5,4.73,4.1,2.64,0.4,0.92,834.3
2492.9,42.8,11.6,54.5,31.8,1.97,3.22,0.93,0.71,1.81,358.7
502.7,16.8,46.3,172.8,52.6,4.15,2.82,1.95,0.32,4.0,712.7
1106.8,5.0,27.8,104.2,55.8,2.28,2.18,0.37,0.5,4.06,281.3
2397.4,15.9,13.4,112.8,42.3,3.37,2.77,1.45,0.59,3.56,389.6
2906.6,13.7,18.5,105.8,33.4,2.89,2.64,0.54,0.62,1.99,358.7
1832.7,31.5,7.9,37.8,24.6,2.04,3.51,0.49,0.66,1.29,247.4
1889.9,30.3,82.2,299.9,64.9,7.08,5.14,4.43,0.76,2.82,1200.0
700.1,28.7,22.0,110.9,50.0,3.27,3.33,1.08,0.43,3.0,467.6
1652.8,5.6,0.9,20.7,28.3,0.96,1.26,0.02,0.64,2.24,38.4
1891.3,34.2,7.9,43.9,36.9,1.55,2.99,0.72,0.66,3.15,234.1
1078.9,17.9,19.5,100.7,47.8,3.2,3.38,0.68,0.36,3.34,422.4
1153.9,31.6,1.2,60.9,27.6,2.55,3.69,0.06,0.83,3.46,264.6
1456.4,27.3,0.5,54.6,22.3,1.36,2.71,0.16,0.76,2.51,172.5
456.2,18.7,12.0,82.0,34.4,2.4,2.95,0.63,0.35,3.49,334.4
1301.8,10.4,8.1,90.1,29.2,2.2,2.04,0.34,0.62,0.89,213.3
992.1,8.8,11.5,86.8,37.0,2.06,2.01,0.23,0.65,3.11,187.5
1317.0,38.3,6.1,70.3,41.7,2.25,3.43,0.74,0.45,1.6,309.5
735.3,41.7,3.6,70.6,31.4,2.56,3.49,0.75,0.75,1.72,344.2
2893.5,31.0,23.4,98.8,39.0,2.91,3.74,1.66,0.63,1.11,468.3
2062.1,9.1,14.5,108.6,38.8,2.55,2.31,0.42,0.61,1.45,266.5
2301.5,21.1,4.5,61.8,37.5,2.16,2.61,0.22,0.3,4.17,256.6
2609.7,34.2,7.7,91.8,31.2,2.31,3.32,0.72,0.44,2.21,381.9
1795.6,36.2,17.9,104.3,21.2,2.85,3.29,1.97,0.45,3.95,517.5
643.4,9.7,1.5,24.1,28.1,1.92,1.68,0.28,0.66,1.35,72.5
1903.9,5.0,3.2,54.7,37.8,1.0,1.36,0.11,0.58,1.49,65.4
2043.2,33.5,1.5,36.5,30.1,1.88,2.96,0.12,0.21,2.7,280.4
2487.2,19.3,33.5,141.2,40.3,2.73,2.71,2.23,0.37,1.99,553.1
1608.6,15.2,27.9,130.4,34.4,3.58,2.92,1.25,0.48,2.99,479.5
757.2,5.5,28.0,132.8,47.9,2.8,1.94,0.41,0.67,2.23,365.0
1194.6,26.6,25.2,141.6,46.6,2.91,2.98,1.26,0.67,3.56,441.0
1416.6,39.0,22.1,102.9,37.5,3.11,3.52,2.34,0.49,2.27,571.8
2208.6,43.3,13.0,59.2,45.2,2.26,3.72,1.01,0.23,2.75,406.1
1998.2,27.6,20.6,139.3,37.5,2.88,3.41,1.25,0.36,1.89,527.9
1397.1,25.6,0.8,69.9,46.8,1.56,2.14,0.53,0.33,3.19,224.8
3162.2,8.4,19.4,109.9,40.0,2.63,2.17,0.47,0.7,3.03,284.6
2096.2,27.0,30.1,126.6,28.1,2.62,3.17,1.37,0.28,2.15,496.1
1064.2,20.2,13.9,88.1,34.4,1.98,2.23,0.57,0.48,1.74,250.6
685.0,29.3,8.8,36.2,34.2,1.67,3.15,1.36,0.62,2.89,228.2
828.0,20.5,6.5,63.0,28.4,1.59,2.22,0.52,0.83,4.01,191.0
1088.7,14.6,20.6,55.2,18.1,2.05,2.2,1.18,0.85,1.25,261.8
849.9,8.8,23.6,97.3,36.2,3.12,2.38,0.67,0.82,3.52,340.7
922.4,17.6,41.0,161.2,42.2,3.63,2.64,2.35,0.65,2.65,570.1
1198.3,8.9,8.4,50.6,33.0,1.83,2.1,1.08,0.67,2.59,189.9
885.4,12.1,29.4,137.4,50.9,4.03,2.75,0.85,0.68,4.07,475.1
2910.9,44.5,16.5,120.5,33.2,2.55,3.89,1.38,0.75,2.86,474.0
624.7,22.8,42.9,159.1,43.0,4.24,3.77,2.0,0.82,3.62,685.9
1868.6,26.3,15.0,109.1,45.7,3.22,3.71,1.11,0.46,2.55,468.0
1549.1,39.9,14.6,67.4,25.3,2.48,3.42,1.25,0.44,1.65,442.6
3150.7,44.8,17.2,55.1,21.3,2.49,3.82,1.98,0.47,3.16,450.8
713.7,28.3,27.7,97.0,28.0,2.76,3.58,1.39,0.61,3.94,447.6
1514.0,37.5,66.9,293.8,75.7,6.86,5.65,4.34,0.69,3.66,1200.0
3114.5,18.1,1.5,39.8,29.6,2.04,2.57,0.51,0.76,1.47,143.8
2823.4,17.2,1.1,72.5,27.6,2.54,2.32,0.14,0.47,1.88,232.5
2687.8,21.1,55.5,212.4,58.3,5.24,3.89,2.18,0.4,2.56,884.9
1122.1,31.9,15.1,57.1,42.5,2.06,3.05,2.13,0.84,2.74,333.0
878.5,32.3,19.1,118.9,33.6,2.68,3.18,1.42,0.31,1.46,484.5
2272.2,17.6,13.2,50.1,13.4,1.85,1.87,1.58,0.31,1.58,247.0
3002.3,10.3,2.0,70.0,36.2,2.43,2.06,0.55,0.65,3.38,176.8
1958.9,30.3,29.2,119.4,40.6,3.52,4.01,1.99,0.28,3.28,631.3
2000.5,10.1,27.5,84.7,29.6,2.17,2.07,0.82,0.43,3.65,264.4
1183.9,28.1,7.5,84.0,40.3,2.46,3.43,0.41,0.35,3.97,358.5
2554.6,32.7,7.3,93.3,43.5,1.97,3.14,0.69,0.27,1.85,344.1
923.7,33.0,36.4,137.9,27.2,3.75,3.72,2.12,0.56,3.72,648.0
1306.3,35.1,1.5,71.5,27.6,1.77,3.45,2.74,0.41,3.06,413.4
1591.2,39.9,42.6,107.1,57.8,3.79,4.33,2.96,0.47,4.06,707.2
1821.3,25.0,5.9,78.3,38.8,1.77,2.86,0.35,0.29,1.73,290.7
1078.7,34.2,18.0,105.7,44.4,3.24,3.48,1.42,0.69,1.72,478.2
721.5,29.8,55.0,130.4,52.9,3.85,4.06,3.01,0.37,3.19,748.1
2109.7,12.5,22.7,78.7,34.3,1.95,2.34,0.48,0.39,3.96,273.9
1208.2,6.0,10.7,49.3,35.3,2.04,1.87,0.16,0.33,3.6,197.3
2027.5,16.4,23.4,88.8,41.7,2.24,2.2,1.31,0.45,3.27,328.2
832.2,22.7,8.4,42.4,32.0,1.99,2.6,0.58,0.47,2.12,216.9
1747.2,29.7,6.5,75.4,31.0,2.07,3.15,0.38,0.52,3.24,293.5
1891.3,39.0,114.2,329.2,80.6,8.44,6.38,5.5,0.83,3.52,1200.0
545.1,12.8,27.8,74.3,28.7,1.81,2.18,0.71,0.78,3.36,210.5
1342.5,10.0,20.7,104.2,38.9,2.46,2.44,0.45,0.58,3.1,300.2
776.4,43.5,8.8,75.1,24.2,2.76,3.83,1.9,0.18,0.96,463.5
577.4,9.3,1.0,76.9,27.5,2.52,1.88,0.2,0.58,3.04,210.6
3171.9,24.1,0.6,45.1,25.9,2.33,2.82,0.04,0.21,2.43,217.4
1302.6,28.4,16.2,96.2,29.8,3.23,3.37,2.17,0.65,4.07,515.1
2667.6,26.7,28.7,103.2,34.5,2.57,3.26,1.91,0.42,2.86,468.6
1113.0,8.4,15.4,53.6,28.3,1.76,1.52,0.33,0.74,2.87,133.7
2308.2,7.3,36.8,99.3,41.1,2.42,2.28,0.66,0.81,4.18,306.4
2528.6,9.2,0.7,37.0,34.3,1.29,1.95,0.8,0.44,1.12,140.4
2067.8,28.4,9.1,36.4,22.8,0.86,2.38,0.61,0.47,1.74,219.8
1720.4,26.8,5.4,62.1,41.9,1.98,2.82,0.58,0.56,3.03,252.4
1553.2,14.3,11.9,50.3,36.6,1.3,1.68,0.59,0.29,1.87,165.0
1376.8,30.5,1.5,49.9,33.0,1.75,2.75,0.28,0.8,1.98,172.1
3002.7,37.8,61.6,152.1,48.6,5.13,4.67,4.29,0.45,3.83,993.4
2725.7,6.7,5.1,87.8,38.3,2.12,2.22,0.31,0.27,2.77,248.5
3102.1,24.9,51.1,222.1,69.5,5.2,4.14,2.13,0.68,1.15,894.6
748.0,32.6,11.1,47.3,38.3,2.2,2.86,1.28,0.3,1.86,350.4
2446.4,15.1,84.7,246.8,75.1,5.67,3.94,2.18,0.25,1.06,1079.1
3027.4,17.3,16.2,81.9,35.1,2.43,2.74,0.72,0.54,2.69,350.3
907.5,29.5,53.4,144.8,50.5,3.74,3.73,2.98,0.62,1.39,740.8
586.2,40.9,0.1,31.9,36.5,1.39,3.61,0.5,0.55,3.71,259.7
2475.1,37.4,27.6,116.4,36.0,2.69,3.85,1.93,0.61,2.76,502.6
2008.5,28.3,46.7,190.5,51.7,4.8,3.89,2.74,0.23,1.0,885.2
2757.1,34.2,3.0,76.5,33.9,1.48,2.81,0.23,0.48,1.82,266.5
791.4,19.6,2.0,54.5,37.0,2.22,2.61,0.49,0.4,2.9,254.1
2626.7,30.6,11.1,81.6,42.0,1.79,2.5,1.26,0.83,1.94,314.9
964.6,23.6,54.3,197.1,53.6,4.95,4.07,3.02,0.18,2.54,919.3
858.2,12.6,15.6,114.8,28.6,2.63,1.95,0.67,0.36,3.89,335.5
859.9,33.1,15.0,125.0,44.5,2.58,3.64,0.98,0.81,1.99,385.9
2680.8,27.3,3.0,23.0,16.8,1.59,2.88,0.21,0.84,1.94,147.9
2262.6,19.3,0.0,17.1,11.2,1.63,2.4,0.17,0.73,3.59,120.0
1864.6,41.5,33.2,151.0,37.1,3.54,4.07,2.61,0.2,1.88,722.0
1404.7,5.8,1.8,49.5,31.5,2.03,1.82,0.11,0.54,1.07,135.4
2856.2,17.6,20.1,60.0,41.7,1.12,1.83,1.81,0.43,1.42,288.6
1498.8,7.3,49.2,142.5,46.0,2.76,1.92,1.51,0.71,4.03,466.1
2686.5,35.7,4.7,87.0,37.4,2.88,3.57,0.29,0.19,3.97,405.6
1629.6,33.1,21.9,126.8,52.3,3.15,3.82,1.54,0.29,1.56,531.7
1455.4,18.3,1.6,35.5,14.0,0.79,1.85,0.67,0.49,2.68,139.4
1695.5,32.0,18.5,112.4,44.4,2.64,3.73,1.1,0.26,1.27,518.4
1243.9,20.8,3.6,61.3,30.9,1.57,2.52,0.42,0.63,3.09,197.8
2493.3,35.3,26.6,121.1,46.3,3.14,3.91,1.77,0.72,1.43,524.2
1807.6,23.2,7.2,55.2,26.1,1.72,2.1,0.36,0.64,0.97,212.1
1050.2,21.5,12.4,39.9,20.6,1.72,2.35,0.83,0.46,3.6,250.3
2918.8,42.4,18.3,94.5,38.1,2.65,3.62,3.32,0.76,1.91,528.5
1474.9,15.0,3.8,49.1,42.0,2.3,2.32,0.28,0.25,1.17,260.4
1921.9,9.8,27.1,111.2,46.9,2.95,2.22,0.76,0.33,3.64,400.1
2938.1,28.4,7.2,30.3,21.4,1.68,2.65,0.5,0.49,3.39,251.9
2147.9,43.8,21.7,149.9,36.3,4.02,4.84,2.42,0.19,3.12,740.7
727.3,20.1,3.4,32.8,12.4,1.34,2.3,0.92,0.22,3.9,240.2
3031.5,7.5,23.3,90.3,46.8,1.92,2.07,0.37,0.43,2.46,283.8
2157.6,18.6,2.7,53.6,22.0,2.3,2.14,1.01,0.81,1.24,231.4
1337.7,25.2,11.1,82.2,32.2,2.37,2.92,0.53,0.79,1.01,306.4
790.0,11.5,5.7,51.4,39.8,1.85,2.22,0.15,0.48,1.88,218.5
2623.3,31.3,27.6,157.2,35.4,3.38,4.04,1.86,0.25,1.1,650.7
2136.2,44.9,6.1,54.9,41.8,1.68,3.19,0.65,0.27,2.62,312.4
1893.7,23.1,42.7,154.9,45.9,4.06,3.47,1.94,0.41,0.85,681.7
2902.9,19.2,44.5,207.1,48.1,4.86,3.98,1.85,0.3,2.31,804.1
2608.1,21.0,4.4,16.8,21.0,1.58,2.29,0.18,0.21,1.41,226.7
824.7,9.6,19.0,90.9,30.6,2.73,2.06,0.44,0.62,2.05,314.4
1272.8,40.3,1.8,75.6,37.1,2.39,3.28,0.37,0.56,3.1,371.1
1095.8,21.6,9.9,34.5,21.0,1.61,2.14,0.48,0.35,1.99,197.3
2483.0,20.5,25.0,99.0,22.5,2.52,2.31,0.87,0.7,1.96,374.6
493.9,31.4,21.5,139.9,43.4,3.84,3.89,1.16,0.69,4.17,528.2
1995.7,22.7,19.6,96.6,26.5,2.4,3.02,1.39,0.49,3.24,352.7
2534.9,30.9,6.6,59.0,32.2,2.09,2.75,1.31,0.22,2.55,332.5
2854.9,7.5,9.5,99.0,28.3,2.18,1.99,0.18,0.79,2.77,226.9
1357.8,37.5,2.2,27.3,21.0,1.16,3.19,0.25,0.62,2.91,176.8
2699.5,42.6,25.4,67.0,33.5,2.23,3.71,2.23,0.32,0.88,489.4
709.8,31.0,14.0,98.3,36.0,2.29,2.75,1.96,0.58,1.07,425.2
2770.1,43.2,24.7,118.3,43.3,3.5,4.41,1.92,0.43,3.01,636.0
757.0,11.1,5.7,56.2,35.6,1.32,1.71,0.88,0.59,2.04,199.6
1512.4,24.1,7.8,59.2,21.4,1.96,2.62,0.6,0.48,0.99,258.4
2632.4,29.1,8.1,84.2,34.6,2.39,2.97,1.65,0.49,1.81,361.4
819.8,28.3,0.5,61.6,10.0,1.2,2.55,0.08,0.67,1.24,151.5
1041.9,21.1,8.3,43.9,29.9,1.53,2.44,1.75,0.58,3.92,234.7
2422.3,18.5,32.5,98.2,35.3,2.76,3.34,1.24,0.21,1.49,442.5
2416.1,10.1,45.5,186.1,45.6,4.15,2.97,1.99,0.2,1.29,652.0
2195.2,20.7,14.6,114.6,43.2,2.75,3.23,0.75,0.36,2.93,439.5
2343.1,11.5,12.2,99.5,47.3,2.82,2.51,0.54,0.45,2.57,319.2
1919.6,34.4,0.6,78.1,30.3,2.13,3.23,0.69,0.34,2.76,381.8
1105.0,13.4,42.3,216.5,51.4,4.51,3.31,1.45,0.61,2.28,680.1
1367.9,7.3,0.3,49.0,30.1,1.84,1.46,0.39,0.29,2.39,140.6
908.5,27.1,57.9,229.2,50.6,5.51,4.49,2.83,0.64,3.45,959.2
2943.7,28.8,13.4,91.9,31.3,2.22,2.51,1.27,0.69,1.55,324.9
2033.5,39.9,8.4,89.0,45.8,2.28,3.38,1.74,0.24,2.15,457.3
1522.4,28.1,51.6,168.3,50.8,3.91,3.77,2.42,0.61,4.06,735.0
1693.6,18.8,0.5,12.8,10.0,1.06,2.29,0.37,0.82,1.45,99.8
3052.4,37.1,17.4,126.7,28.4,3.64,4.42,1.88,0.28,1.8,640.4
829.4,26.6,15.9,83.7,36.4,2.62,3.03,1.13,0.79,1.45,375.2
2041.4,8.2,5.0,43.8,34.8,1.22,1.57,0.71,0.57,0.87,95.2
1816.5,27.6,11.2,82.9,22.0,2.06,3.13,1.42,0.56,1.72,329.5
2112.1,41.3,21.1,119.8,45.2,3.3,3.79,2.01,0.19,0.96,607.1
450.7,20.9,26.0,69.4,43.1,1.89,2.57,1.41,0.67,1.33,395.9
2841.9,16.9,0.0,67.8,47.3,1.73,1.99,1.34,0.48,2.03,237.4
3009.9,10.7,55.2,169.2,53.1,4.36,3.03,1.79,0.65,0.87,673.3
1982.4,11.1,3.6,26.3,28.8,1.16,1.53,0.74,0.72,3.36,104.5
2350.6,22.3,5.3,51.1,12.1,2.16,2.77,0.23,0.52,3.51,221.2
2983.0,28.8,6.1,73.0,49.9,2.68,3.36,0.4,0.33,2.2,353.6
2380.3,8.2,0.8,79.4,29.7,1.9,2.06,0.34,0.25,4.15,219.6
827.1,42.6,2.6,71.3,25.4,1.74,3.57,0.68,0.26,3.11,341.4
2013.6,35.2,85.9,310.2,73.8,7.53,5.76,5.18,0.76,3.33,1200.0
2098.8,28.5,7.6,30.7,37.6,1.1,2.96,0.4,0.24,1.45,224.8
1587.6,38.1,2.5,14.8,40.3,1.3,2.69,0.3,0.42,3.65,201.2
2462.0,8.2,2.3,51.1,30.2,1.69,2.17,0.62,0.38,4.01,136.2
3016.2,24.1,25.4,113.8,48.5,3.11,3.11,1.86,0.76,1.6,455.2
2991.6,30.2,38.6,145.8,46.6,4.23,4.13,2.92,0.48,3.13,706.9
1662.4,38.1,5.9,73.2,24.9,2.48,3.51,0.57,0.85,3.34,293.7
717.1,36.3,0.4,78.6,46.0,2.38,3.29,0.21,0.67,1.84,273.5
3157.6,16.1,5.0,34.1,21.2,0.74,1.83,0.34,0.75,2.42,112.2
2748.9,42.6,1.2,44.5,40.3,1.86,3.81,0.27,0.22,1.13,344.3
749.1,10.0,2.2,48.2,39.1,2.42,2.28,0.48,0.33,1.39,181.1
2978.4,40.0,11.3,61.5,36.0,0.86,2.83,0.93,0.24,1.01,343.7
2835.7,43.8,5.2,67.1,46.7,2.38,4.74,0.39,0.47,2.7,351.7
1852.7,12.1,14.5,83.6,52.9,2.27,2.5,0.52,0.65,2.93,270.4
2055.6,33.9,5.8,55.0,28.5,1.54,3.19,0.43,0.27,3.91,288.9
1517.2,6.6,56.4,177.5,45.5,4.13,2.68,0.63,0.24,2.64,652.1
553.3,21.2,47.3,120.0,26.7,3.72,3.15,1.93,0.58,1.69,573.3
1338.6,25.7,16.7,101.2,56.2,3.04,3.16,0.81,0.31,1.0,397.2
2648.0,28.2,8.8,54.9,26.4,1.73,3.04,0.65,0.49,3.81,250.3
413.0,42.4,9.6,31.8,34.8,1.23,3.0,0.81,0.19,2.43,311.9
1333.8,31.9,10.6,51.4,23.3,1.9,2.76,0.93,0.63,3.31,323.3
1514.9,24.3,26.0,74.8,45.8,2.73,3.15,2.93,0.53,0.85,448.2
1904.7,37.4,12.0,75.4,28.0,2.09,3.46,1.07,0.6,2.46,354.6
2975.6,43.0,38.9,105.6,29.5,2.91,3.84,3.2,0.34,1.91,633.9
1369.8,5.9,57.7,190.3,52.6,5.14,2.91,1.57,0.35,0.9,777.2
1371.5,44.3,8.2,73.3,28.9,2.62,4.33,0.79,0.71,3.44,350.4
2465.0,8.4,16.5,105.3,43.7,3.09,2.48,0.3,0.65,2.54,346.8
1666.2,37.6,2.0,69.0,32.0,1.47,2.78,0.26,0.56,1.93,249.8
1028.9,16.2,4.5,53.3,34.6,1.54,1.75,0.33,0.59,3.54,174.6
1666.8,10.3,10.7,65.7,29.5,2.04,1.92,0.6,0.22,2.32,237.6
794.4,22.6,4.6,81.1,29.3,1.84,2.72,0.18,0.75,0.81,219.6
893.9,30.8,41.8,164.3,44.9,4.62,4.34,2.91,0.69,4.01,808.3
1795.4,20.2,3.4,64.8,48.0,2.57,3.02,0.15,0.56,1.67,259.4
1573.0,7.2,12.2,71.2,34.6,1.88,1.41,1.07,0.79,3.62,184.6
2961.6,29.0,18.6,79.7,18.5,3.0,3.43,2.09,0.27,3.58,470.7
1414.7,41.1,23.5,111.5,35.9,2.98,4.33,3.46,0.63,1.35,588.1
2025.6,20.3,9.7,49.6,29.7,2.83,3.2,0.99,0.82,2.41,266.9
2170.3,13.7,40.7,131.5,58.4,3.32,2.84,0.99,0.37,0.94,494.0
436.7,22.7,16.8,63.4,39.6,2.32,3.34,1.13,0.16,2.01,398.3
2257.9,6.9,11.6,56.1,22.7,2.42,2.16,0.22,0.66,3.29,230.0
898.5,37.8,1.4,25.7,44.0,1.92,3.59,1.0,0.15,1.61,288.8
3091.0,38.1,12.5,89.5,35.9,2.7,3.7,0.94,0.76,1.2,404.5
816.3,28.5,34.4,148.0,56.6,3.66,3.45,1.79,0.19,2.52,638.5
1560.9,19.1,19.1,129.2,34.0,3.25,2.78,1.61,0.61,2.63,485.4
639.0,37.0,35.7,154.0,28.5,3.32,3.96,2.21,0.41,3.1,659.4
3191.2,27.2,13.6,107.0,28.0,2.76,3.12,0.7,0.29,3.38,413.7
1806.1,38.0,2.5,54.8,10.0,1.39,2.66,0.38,0.78,3.17,198.9
2067.1,30.3,0.3,35.9,43.4,0.83,2.2,0.5,0.67,3.67,118.1
587.8,36.4,7.2,85.5,37.1,2.39,3.39,0.86,0.39,1.56,396.0
2499.9,28.9,23.9,103.0,31.1,3.24,3.66,1.6,0.35,2.74,528.2
987.7,21.6,31.2,132.0,47.4,3.63,3.28,1.97,0.67,2.02,558.9
2914.6,43.3,7.0,39.5,28.6,1.64,3.46,0.56,0.74,4.07,254.1
974.4,26.6,13.7,83.4,40.0,3.08,3.05,0.9,0.65,2.3,379.9
933.9,29.2,10.9,91.8,46.2,2.28,3.07,1.05,0.6,4.06,364.3
502.3,13.8,10.6,63.8,29.2,1.23,2.15,0.65,0.31,3.41,229.2
1721.8,30.0,5.3,74.0,26.3,1.27,2.69,0.5,0.75,3.24,194.4
1981.6,27.9,2.9,58.1,37.1,1.43,2.23,0.14,0.67,2.47,169.3
584.0,12.4,4.4,80.5,40.9,2.55,2.03,0.12,0.51,2.31,201.1
2571.5,7.4,1.1,29.9,26.2,1.2,1.63,0.06,0.51,2.59,75.7
1669.2,29.2,4.4,59.3,48.1,2.13,2.94,0.38,0.55,1.8,284.4
1868.3,35.5,0.2,14.8,19.2,1.88,3.18,0.06,0.73,3.88,184.8
1634.1,25.9,19.7,104.8,31.7,2.28,2.74,1.08,0.67,3.5,348.3
1522.1,14.1,7.6,76.7,37.2,2.38,2.47,0.26,0.75,3.52,213.8
1967.0,31.7,72.3,228.1,55.7,5.77,4.68,4.42,0.51,2.27,1187.2
834.7,8.2,4.3,66.5,35.9,1.66,1.69,0.88,0.59,1.04,189.7
909.4,22.7,8.5,65.5,25.1,2.57,2.65,0.52,0.75,3.12,284.7
2813.0,11.5,8.9,35.5,23.2,1.44,2.03,0.46,0.31,2.07,175.0
3049.1,12.4,0.2,37.1,41.8,1.4,1.77,1.23,0.46,3.76,154.5
1445.3,13.1,36.6,143.3,42.6,4.18,3.26,1.1,0.58,3.45,549.5
1158.1,20.5,0.7,37.6,20.4,1.78,2.1,2.15,0.79,1.29,189.2
2203.2,7.0,56.3,211.7,67.5,4.78,3.51,0.72,0.16,2.85,747.5
1544.5,20.9,44.5,173.3,42.8,4.5,3.96,2.34,0.3,3.15,747.1
471.1,25.5,15.3,114.6,35.1,2.58,2.53,0.93,0.31,2.73,390.4
837.2,24.3,15.7,90.8,41.0,3.0,2.94,0.65,0.38,2.55,396.1
2404.7,20.3,21.2,71.7,40.4,2.03,2.62,2.15,0.35,1.57,373.2
2245.0,38.6,9.8,100.2,47.8,2.45,3.27,1.97,0.56,1.6,420.8
475.9,10.8,20.8,102.0,32.4,2.49,2.2,0.57,0.77,3.41,294.4
1021.5,25.2,0.9,9.5,26.5,0.9,2.35,1.27,0.6,0.86,150.0
1047.0,7.5,1.1,69.2,28.7,2.37,1.97,0.07,0.32,3.45,202.0
2281.3,7.8,12.2,57.7,25.5,1.99,2.0,0.62,0.75,2.59,159.3
455.2,28.0,16.0,93.6,46.5,2.39,2.88,0.83,0.59,3.98,370.3
691.5,27.6,43.8,170.0,46.2,4.32,3.34,2.13,0.3,4.19,736.2
2639.8,40.1,2.2,41.5,29.7,1.54,3.52,0.75,0.4,3.06,317.3
899.9,27.3,34.6,162.3,50.5,3.73,3.86,1.76,0.7,2.2,610.7
2227.7,43.4,4.7,46.6,19.8,1.76,4.16,0.34,0.67,2.42,283.1
1066.9,6.9,10.0,42.6,35.4,1.85,1.2,0.33,0.55,1.49,150.1
678.4,8.9,7.6,102.5,42.9,2.72,2.43,0.22,0.25,1.14,314.8
1080.9,6.8,10.2,99.5,22.0,2.36,1.48,0.58,0.71,2.77,239.2
2422.3,12.4,3.3,62.3,33.4,2.28,2.66,0.15,0.37,3.54,259.0
2796.0,26.7,14.0,69.3,26.3,2.04,2.95,1.36,0.69,1.69,327.0
2724.6,30.8,32.4,106.1,47.9,2.75,3.12,1.79,0.6,2.23,488.3
1512.1,6.8,11.7,97.4,26.0,1.89,1.96,0.33,0.33,2.69,221.0
2270.6,42.8,13.5,53.0,26.7,2.33,3.63,1.1,0.3,3.89,402.8
974.0,38.7,37.8,94.5,39.9,2.94,3.91,2.85,0.24,1.27,656.1
1220.8,16.9,24.5,121.2,42.2,3.06,2.85,0.73,0.32,1.61,409.2
2909.7,8.1,13.5,57.1,36.4,2.31,2.45,0.44,0.26,3.92,233.0
436.4,11.8,6.0,19.6,11.4,1.11,2.12,0.28,0.58,0.93,93.9
639.4,10.1,43.2,154.7,61.1,3.01,2.28,1.59,0.57,3.03,476.7
982.1,9.9,17.2,50.6,33.3,1.84,2.16,0.32,0.56,2.97,184.8
474.3,25.7,5.0,29.9,36.3,1.61,2.68,0.92,0.6,2.1,248.8
908.0,14.8,6.3,31.4,32.7,1.39,1.59,0.23,0.72,2.39,101.6
2032.5,19.3,32.5,102.2,38.3,3.34,2.87,1.08,0.79,3.71,449.4
1580.0,44.6,0.9,61.6,20.8,0.94,3.81,0.16,0.31,1.36,241.1
2899.5,32.4,96.8,337.0,76.2,8.62,6.16,5.27,0.56,1.59,1200.0
2688.8,43.0,2.8,44.9,40.8,2.03,3.89,0.49,0.2,2.54,359.7
1357.1,10.7,31.8,131.6,54.8,3.32,2.55,2.34,0.23,2.19,568.7
1126.4,20.3,10.0,34.2,21.2,0.5,1.68,0.35,0.61,2.75,131.0
1463.1,27.2,13.6,43.8,10.0,2.2,2.93,0.86,0.49,3.93,293.8
2052.8,8.1,42.5,109.5,38.0,2.35,1.97,0.77,0.68,3.92,359.2
1150.6,5.2,10.7,72.5,30.8,1.9,1.31,0.26,0.45,1.58,118.6
2147.6,31.8,15.4,90.1,34.2,2.43,3.01,0.98,0.24,1.83,415.1
1546.4,30.7,1.0,52.4,33.7,1.96,3.17,0.95,0.76,1.35,226.0
1945.7,21.4,0.0,34.5,33.2,1.77,2.35,0.01,0.21,3.95,209.6
1621.2,24.6,5.6,26.9,32.8,1.8,2.62,0.83,0.28,2.15,196.5
1224.5,21.6,22.8,140.6,48.9,3.65,3.36,0.94,0.34,2.33,516.7
3055.7,6.0,2.6,38.6,12.5,1.68,1.71,0.22,0.85,3.53,73.6
2538.1,18.4,2.4,67.7,29.4,2.19,2.77,0.29,0.44,2.54,222.9
792.3,12.1,10.6,72.1,51.4,1.7,1.67,0.36,0.5,1.21,185.0
2831.7,8.9,20.9,123.0,45.1,2.62,2.34,0.35,0.69,2.29,327.3
1764.8,43.3,24.9,128.9,46.1,3.73,4.61,1.84,0.6,2.94,631.5
2904.7,29.0,3.9,87.4,38.6,2.69,3.48,0.33,0.74,3.25,294.6
2639.6,34.1,1.7,49.6,32.3,2.05,2.85,0.78,0.49,2.99,298.9
1590.6,17.6,56.4,224.6,41.4,4.53,3.56,1.71,0.83,1.21,761.5
462.9,20.7,6.0,39.5,25.2,1.99,2.93,0.75,0.71,1.83,219.1
1152.3,14.5,38.4,150.8,46.8,3.03,2.64,1.06,0.43,3.29,475.6
1916.6,8.9,39.8,156.6,58.4,3.96,2.92,1.45,0.42,3.79,526.8
2173.7,12.2,29.6,68.3,32.7,2.02,2.29,0.82,0.8,0.96,243.6
1122.1,36.9,3.7,47.1,15.3,2.4,3.24,0.3,0.63,0.94,265.8
790.2,32.1,34.5,87.9,39.3,2.1,3.58,3.55,0.59,2.99,505.6
2737.8,26.9,29.3,126.8,36.4,3.86,3.78,1.39,0.68,2.66,545.2
3156.3,24.0,18.2,110.0,30.1,2.62,3.09,1.06,0.54,1.33,400.0
1871.9,41.9,8.2,51.6,22.6,1.69,3.02,0.91,0.26,2.66,353.2
880.7,7.9,6.1,29.8,29.7,1.54,1.86,0.27,0.37,4.11,152.4
1162.5,16.2,2.6,82.7,45.0,1.98,2.4,1.28,0.54,2.95,271.9
451.5,19.0,14.3,100.7,42.0,2.58,3.09,1.19,0.16,2.33,382.2
2960.0,36.3,17.6,127.4,48.0,2.89,3.61,1.77,0.46,3.61,517.4
729.7,44.7,8.9,62.0,34.9,1.77,3.36,2.13,0.68,1.52,401.6
2014.2,14.6,12.9,102.5,39.3,2.8,2.4,0.56,0.26,2.21,316.8
1167.4,40.0,9.0,62.2,36.8,1.69,3.21,0.64,0.2,2.59,370.0
1951.7,38.2,20.5,75.9,14.3,1.93,3.08,1.89,0.74,2.52,365.2
2224.0,14.0,46.3,115.3,41.6,2.42,2.69,1.27,0.58,3.93,440.5
2723.3,21.0,3.6,40.0,18.8,1.41,2.59,0.21,0.27,1.8,202.8
978.0,21.4,9.6,40.5,36.6,2.2,2.59,0.61,0.71,0.99,230.6
430.8,44.1,3.0,89.6,35.0,2.05,3.6,1.26,0.61,3.92,416.5
783.3,12.2,19.6,73.9,33.5,1.89,1.58,0.48,0.38,1.54,240.4
2920.1,37.0,26.1,103.5,26.6,2.86,3.88,2.36,0.41,2.09,515.9
2846.9,18.4,53.7,137.3,52.8,3.37,3.43,1.86,0.26,2.61,638.2
2072.8,34.2,6.5,48.9,33.8,2.69,3.34,0.43,0.73,4.12,301.2
2081.4,21.8,60.0,173.6,55.7,4.19,3.52,2.93,0.51,2.62,793.3
2262.1,28.1,1.3,20.0,17.1,1.44,2.74,1.46,0.54,2.32,236.1
891.0,38.3,18.5,97.8,31.4,3.04,4.29,1.32,0.77,2.78,470.9
2960.4,37.2,1.2,32.9,27.7,1.87,3.33,0.22,0.16,4.1,290.9
1572.6,39.7,44.8,205.2,51.4,4.98,4.85,3.16,0.2,3.58,966.5
1472.8,7.4,15.1,88.4,39.4,2.3,2.02,0.86,0.26,1.37,327.1
1853.0,32.7,22.1,127.5,25.7,3.89,3.6,1.21,0.17,3.53,596.9
531.5,10.6,35.6,150.4,43.2,3.36,2.26,0.73,0.61,3.66,444.5
865.6,21.6,3.3,61.5,45.4,1.77,2.25,0.61,0.59,3.15,228.6
2466.5,26.9,0.8,36.7,30.1,1.3,2.76,0.24,0.3,3.03,179.9
631.8,21.1,42.2,135.8,45.8,2.71,2.77,1.65,0.25,2.3,543.4
2088.8,25.8,7.6,77.3,49.8,2.57,2.89,1.15,0.25,2.98,364.0
1087.0,44.9,2.8,78.7,15.5,1.26,3.25,1.2,0.82,3.31,287.4
1490.0,10.4,12.6,42.8,21.2,1.66,1.81,1.4,0.64,1.22,244.2
1208.3,32.0,18.2,87.5,32.5,2.4,3.68,1.1,0.56,1.67,425.4
1395.9,20.8,0.6,64.4,38.5,2.87,2.87,1.0,0.38,1.46,341.1
2413.3,10.3,6.4,50.4,36.1,1.04,1.36,0.64,0.45,3.66,145.1
1231.9,11.3,0.7,31.9,18.8,1.12,1.65,0.08,0.21,3.11,99.7
1985.9,43.0,10.9,59.4,38.7,2.0,4.06,1.16,0.85,2.33,344.1
1732.9,40.2,45.1,197.1,52.3,4.72,4.58,3.03,0.68,3.61,885.4
2258.3,41.3,81.1,234.0,71.8,6.43,5.24,5.5,0.59,3.24,1200.0
3023.1,44.7,20.3,85.9,27.2,2.47,3.8,2.04,0.56,3.91,485.1
2451.2,13.3,3.5,33.0,24.9,1.0,1.72,0.7,0.5,1.06,113.5
1001.8,19.2,47.3,137.1,40.8,3.53,3.3,1.59,0.33,2.53,612.1
487.3,31.8,14.5,51.7,37.7,1.0,2.87,1.16,0.31,3.2,282.8
1134.3,24.4,3.3,54.0,25.5,1.82,2.35,0.21,0.53,1.51,222.5
2066.2,21.7,51.0,190.4,53.9,4.15,3.29,3.02,0.2,1.91,753.8
544.0,19.3,28.3,106.4,43.2,3.21,2.91,1.36,0.2,2.22,522.7
1789.8,28.8,26.3,118.6,45.7,3.79,3.89,1.3,0.54,3.5,531.1
2071.2,28.0,24.7,139.9,52.3,3.29,3.14,1.24,0.79,2.48,466.2
1335.9,11.5,4.5,37.1,28.4,2.13,1.95,0.52,0.79,2.48,154.2
2558.6,23.9,4.7,42.5,24.3,1.54,2.31,0.45,0.16,2.27,242.8
698.5,27.1,23.3,143.4,43.0,3.01,3.52,1.59,0.23,1.58,586.5
610.4,27.8,5.0,46.9,28.6,2.44,3.19,0.36,0.56,3.94,279.6
2438.9,13.4,11.5,86.1,37.5,2.55,2.62,0.69,0.74,1.88,269.2
1787.4,34.7,30.5,114.7,39.5,3.09,4.04,1.84,0.82,2.73,530.1
2327.5,6.0,30.6,137.6,44.9,3.41,2.33,0.62,0.75,1.31,436.0
1617.5,19.2,12.1,92.6,24.5,2.55,2.39,1.65,0.62,2.28,394.5
1089.9,36.2,31.4,152.3,52.8,3.79,3.8,2.29,0.29,3.87,687.2
2693.5,27.6,36.5,164.7,51.1,3.4,3.02,1.7,0.2,4.18,641.6
2638.4,15.4,21.3,147.7,54.6,3.27,2.7,2.34,0.18,2.03,536.1
2345.2,32.8,5.2,60.4,30.9,2.2,3.11,0.35,0.58,1.32,281.8
1162.0,27.7,6.4,38.9,13.1,1.55,2.86,0.8,0.18,1.87,308.5
2052.6,36.8,7.6,58.6,27.7,2.31,3.46,0.77,0.67,1.91,301.9
1410.7,34.4,2.5,68.7,30.8,2.21,3.17,0.28,0.65,2.99,230.3
656.4,29.4,6.4,71.2,38.8,1.78,2.82,0.39,0.21,2.49,303.3
2968.5,24.5,4.7,27.2,10.0,0.89,1.94,0.27,0.78,3.41,139.6
783.1,10.3,12.2,38.9,27.3,1.55,2.05,0.99,0.52,3.18,187.0
3060.7,15.5,47.8,164.3,53.7,3.61,2.77,2.06,0.78,1.65,599.2
1648.8,21.8,2.2,31.6,20.4,1.62,2.11,0.33,0.78,3.47,154.5
918.4,29.0,25.5,101.7,38.9,2.49,3.35,1.27,0.29,3.68,460.8
1917.3,25.5,23.2,137.8,39.8,3.03,3.36,1.85,0.42,2.83,533.0
2844.2,16.5,2.0,53.1,23.7,2.23,1.97,0.32,0.24,3.95,237.5
2450.2,5.3,51.2,133.0,40.7,3.15,2.47,0.68,0.69,3.46,405.3
2658.4,24.8,16.8,64.7,26.0,1.79,2.44,0.91,0.5,2.82,291.3
2244.6,16.4,9.0,50.6,34.6,1.81,2.12,0.43,0.8,3.88,137.0
2338.4,34.4,28.3,117.6,35.3,3.62,3.97,1.92,0.3,2.84,617.2
2777.7,6.0,6.0,59.7,23.5,2.02,1.93,0.43,0.63,2.57,146.5
1099.1,28.4,23.7,99.0,52.0,3.03,3.47,1.37,0.84,2.01,457.8
1770.4,42.7,0.8,22.2,31.7,1.04,3.16,0.97,0.62,3.8,231.0
1019.4,12.0,36.6,78.5,19.2,2.66,2.27,0.88,0.2,1.22,406.4
3165.5,23.9,11.9,51.4,23.1,2.76,3.11,0.82,0.56,2.41,318.0
3043.4,8.7,20.3,144.7,48.0,2.93,2.3,0.43,0.28,2.63,414.1
510.4,30.0,5.0,52.4,32.0,1.36,3.14,0.81,0.17,2.69,247.2
2375.6,27.0,22.6,139.2,33.1,3.34,3.57,1.06,0.38,3.02,506.9
2990.7,21.3,29.6,153.5,56.9,3.97,3.2,1.13,0.34,2.52,621.1
905.6,25.9,12.8,74.6,40.0,2.2,2.74,1.2,0.7,1.67,300.8
1990.2,40.9,19.2,97.2,41.4,2.33,3.68,1.39,0.41,3.71,413.4
2963.4,12.9,12.2,56.1,41.0,1.85,2.38,0.65,0.66,3.04,232.6
495.0,5.9,44.9,202.7,60.1,4.42,3.21,1.85,0.16,3.72,738.8
2352.8,39.5,13.8,66.3,35.5,2.0,3.35,1.2,0.16,1.74,417.8
1232.6,28.1,36.9,134.9,56.7,3.79,3.45,1.81,0.17,2.97,654.8
2988.3,40.6,32.3,81.3,43.5,3.19,3.78,2.34,0.3,3.23,627.7
3119.0,28.9,10.6,83.3,28.3,2.42,3.17,1.2,0.41,2.1,399.9
3043.9,37.4,5.2,27.0,29.9,1.45,3.67,0.5,0.58,3.56,274.7
1727.8,22.2,10.4,103.2,33.3,2.95,3.15,0.9,0.84,0.81,364.4
2813.7,35.0,35.0,97.4,41.6,2.57,3.08,2.64,0.4,2.82,545.6
2764.7,41.5,5.2,70.7,36.5,1.75,3.26,0.64,0.19,2.89,338.0
1293.5,27.9,14.9,82.4,23.8,2.22,2.81,1.3,0.29,2.62,351.8
2721.0,12.2,32.8,130.0,42.4,2.9,2.29,0.82,0.78,2.94,400.7
503.6,15.8,8.7,83.5,37.2,1.98,2.16,0.52,0.64,1.37,239.9
2069.6,12.9,20.6,116.0,37.4,3.56,2.92,0.91,0.7,3.13,408.9
1044.0,14.9,5.6,26.9,27.4,2.29,2.52,0.21,0.24,1.94,230.4
737.6,17.3,2.3,78.6,40.6,2.05,2.63,0.19,0.24,2.34,243.2
615.5,27.2,31.6,128.8,42.9,3.3,3.55,1.86,0.23,1.93,604.7
2349.6,28.5,2.1,72.3,34.8,2.03,2.43,0.53,0.75,2.41,219.2
1351.6,22.1,6.3,54.9,41.0,2.32,2.46,0.5,0.3,2.91,253.9
2429.3,29.6,38.6,143.2,49.6,4.17,3.89,2.54,0.6,3.65,691.7
583.0,8.3,8.5,94.1,38.5,1.72,1.8,0.38,0.51,2.44,214.4
1282.8,8.5,72.3,253.2,57.9,5.31,3.6,1.88,0.53,1.9,887.3
1910.6,11.9,78.0,295.8,78.6,5.56,3.68,2.08,0.29,2.46,1078.2
2614.0,25.7,6.2,19.0,26.1,2.03,2.79,0.42,0.59,3.14,174.9
1292.5,13.6,0.8,19.6,33.8,1.47,1.98,0.22,0.18,1.98,136.5
2152.5,16.3,24.4,117.1,41.4,2.57,2.49,1.11,0.85,2.21,322.4
2880.7,21.0,12.0,89.5,21.6,2.3,2.68,1.32,0.17,2.71,313.4
2124.4,37.5,2.1,54.0,16.1,1.71,3.5,0.21,0.19,1.8,304.5
1052.3,5.6,24.6,81.3,40.5,2.48,1.95,0.52,0.38,1.51,285.3
468.3,31.0,0.6,40.6,22.7,2.03,3.03,0.08,0.73,1.28,178.5
2836.3,31.8,40.8,143.2,49.3,3.26,3.62,2.29,0.33,2.0,635.3
459.6,36.9,3.0,52.4,30.3,2.55,3.89,0.65,0.48,0.96,350.1
2849.2,42.3,2.7,76.0,32.3,2.82,3.68,0.22,0.16,2.78,399.9
1881.0,5.8,3.9,74.9,32.7,1.78,2.11,0.47,0.21,1.4,195.2
3029.4,11.2,64.5,216.5,52.0,4.61,2.91,2.12,0.58,2.08,778.4
2636.6,40.4,23.6,141.6,45.4,4.19,4.32,2.99,0.29,1.72,729.9
3194.2,23.3,32.3,131.9,39.1,3.73,3.61,1.36,0.64,2.94,541.4
1382.0,27.6,10.1,88.8,33.0,2.28,3.24,1.02,0.7,3.69,315.3
2548.1,31.5,8.2,42.3,25.0,2.02,2.71,1.47,0.75,2.95,263.1
1525.4,32.2,5.3,72.4,31.2,3.33,3.41,0.32,0.24,2.64,389.7
1743.7,42.3,13.1,49.0,36.2,1.96,3.64,1.14,0.47,3.07,353.0
2157.0,44.9,16.1,89.9,35.1,2.32,4.45,2.21,0.81,0.9,444.5
2846.3,33.8,20.0,56.3,38.3,2.14,3.54,1.22,0.69,1.22,330.5
3155.4,16.5,5.9,29.6,37.6,1.58,2.05,1.25,0.23,1.12,233.7
2551.2,40.2,59.4,206.6,64.0,5.25,4.34,4.28,0.5,1.13,1064.4
1569.7,7.0,3.7,32.4,30.1,1.67,1.7,0.09,0.8,1.69,75.0
1579.8,14.2,67.4,226.5,63.4,4.44,3.37,1.84,0.46,2.61,811.0
2465.2,40.9,0.3,57.6,37.3,1.6,3.24,0.18,0.74,1.19,222.1
1068.6,15.2,13.1,30.9,26.3,1.81,1.94,0.47,0.5,3.98,211.6
709.3,13.8,8.1,72.8,41.0,1.43,1.95,0.5,0.22,3.7,254.7
1392.9,10.5,11.9,39.0,31.9,1.98,1.76,0.47,0.25,4.1,203.6
1204.3,39.4,16.9,128.0,40.2,2.35,4.07,1.37,0.18,0.94,497.3
1229.7,25.0,11.4,100.9,45.3,1.94,3.08,0.51,0.29,3.69,341.9
1054.1,32.0,10.7,49.3,29.6,1.63,3.07,1.22,0.78,3.53,270.3
517.9,14.6,26.4,102.5,37.6,2.78,2.58,0.9,0.61,3.87,360.4
450.0,35.3,23.2,60.1,27.0,2.63,3.36,2.05,0.67,2.6,442.8
3165.6,35.4,35.8,187.0,55.0,4.45,4.34,2.81,0.59,3.48,812.6
1597.8,17.5,5.8,56.1,38.1,1.78,2.66,0.32,0.42,0.97,195.5
1476.1,21.4,18.8,62.8,38.4,2.31,2.9,0.67,0.3,1.06,386.5
2303.0,13.4,17.6,89.8,39.0,2.08,2.23,1.36,0.8,1.2,242.2
1011.1,44.1,9.2,38.1,31.6,1.74,3.79,1.25,0.51,3.91,317.2
3059.9,30.8,13.3,76.8,44.0,1.83,3.08,0.73,0.49,1.01,323.8
2601.8,42.4,7.5,70.2,31.4,2.18,3.77,1.02,0.85,1.14,384.5
650.4,17.1,3.1,47.1,19.5,1.66,2.43,0.1,0.42,3.96,163.7
1569.2,36.3,4.8,49.8,39.4,1.49,3.19,0.3,0.75,1.17,203.6
2861.5,35.6,2.2,20.7,19.5,1.39,3.2,0.43,0.75,3.76,201.1
3045.2,32.7,23.0,89.7,30.6,2.61,3.42,1.29,0.31,3.48,453.9
1708.7,43.6,21.6,75.8,19.3,2.77,3.94,2.91,0.22,0.94,580.1
2117.6,20.7,60.2,216.2,63.5,4.31,3.41,2.98,0.83,0.87,793.6
867.7,10.2,26.2,64.2,18.6,1.98,1.81,0.87,0.45,2.62,249.5
3175.3,31.9,1.1,53.0,23.5,1.5,2.44,0.08,0.15,4.19,293.7
1048.7,34.2,43.1,158.1,53.2,4.42,4.04,2.61,0.5,3.79,713.5
3039.6,28.0,39.7,125.3,48.3,3.66,3.39,2.04,0.58,1.85,645.3
2219.0,13.3,11.7,92.0,31.3,2.63,2.29,0.52,0.69,2.11,293.1
2101.7,25.2,17.6,81.1,33.5,2.07,3.15,0.81,0.81,2.12,286.4
1835.5,17.5,74.7,206.8,50.2,5.04,3.68,2.52,0.79,3.3,920.0
1045.9,22.1,15.2,99.4,33.5,1.98,2.63,0.79,0.81,1.96,256.8
894.3,30.8,47.1,190.6,56.4,3.89,3.94,3.6,0.17,1.3,851.8
1017.4,34.8,1.7,32.4,21.8,0.99,3.16,1.2,0.65,3.34,174.7
922.0,14.3,4.2,55.5,28.0,1.83,1.97,0.43,0.31,2.36,177.5
2582.8,21.2,11.6,80.4,22.8,2.53,2.72,0.82,0.28,1.06,320.7
1380.4,15.8,17.6,58.3,39.5,0.78,1.69,0.52,0.71,3.49,143.6
562.0,12.9,33.9,123.1,46.2,3.56,3.11,0.83,0.44,2.79,489.8
3113.5,36.3,88.9,295.8,79.6,7.77,6.23,5.5,0.79,2.46,1200.0
2874.6,41.4,9.8,52.6,39.8,1.31,3.35,1.16,0.18,3.09,300.8
2997.7,19.8,1.0,50.1,22.4,1.8,2.68,0.12,0.71,2.52,174.4
3185.7,35.1,32.3,148.9,43.9,4.11,4.22,2.23,0.25,3.0,725.9
886.9,40.9,18.5,129.5,28.1,3.37,4.09,2.36,0.27,3.75,629.1
1509.5,38.8,4.4,20.9,48.9,1.83,3.63,0.46,0.48,2.89,268.1
2523.1,12.3,13.7,64.9,30.5,1.47,1.98,0.36,0.43,3.04,218.4
2348.9,43.3,27.1,99.1,46.1,2.8,3.81,3.09,0.49,2.89,580.7
830.9,20.1,29.4,88.3,26.0,2.09,2.77,1.23,0.81,2.61,358.5
2684.3,18.6,13.8,108.6,47.5,3.42,2.99,0.64,0.61,1.38,382.9
1028.4,7.5,7.3,76.9,48.7,2.43,1.96,0.22,0.35,1.94,213.6
1026.7,24.4,72.8,229.3,60.8,6.54,4.96,3.85,0.27,3.16,1200.0
1903.5,9.4,21.8,80.7,26.4,2.07,1.95,1.09,0.44,2.25,312.8
2060.2,14.9,10.5,40.6,26.2,1.36,2.03,0.47,0.47,2.18,183.1
2024.2,17.7,6.6,87.7,18.0,2.28,2.65,0.21,0.57,3.38,235.2
656.2,37.4,26.3,116.9,40.7,3.66,3.89,1.87,0.34,0.82,595.7
2856.9,40.0,5.5,82.4,41.4,2.17,3.65,0.45,0.69,3.11,356.1
1143.7,17.1,3.8,21.9,23.7,1.39,2.39,0.17,0.22,2.46,190.6
762.6,39.3,15.1,80.5,32.2,2.42,3.39,1.19,0.54,2.08,404.8
2888.5,39.3,6.8,66.4,36.2,2.1,3.6,0.49,0.59,1.96,370.9
3075.8,35.6,19.8,52.6,34.3,1.74,2.93,2.44,0.29,1.39,417.5
2814.0,10.9,2.5,48.3,15.4,1.67,2.13,0.06,0.73,1.94,91.4
2666.6,32.6,21.3,90.8,37.1,2.52,3.59,1.36,0.58,2.13,421.3
2234.7,42.8,6.7,32.6,45.4,1.6,3.35,0.55,0.6,2.29,267.5
1942.4,32.3,0.0,25.5,13.9,1.76,3.53,0.47,0.5,3.09,231.2
643.6,18.3,2.7,61.4,30.4,2.64,2.95,0.12,0.79,2.34,250.5
1543.7,25.0,54.2,182.5,68.4,4.23,3.91,2.58,0.64,3.51,747.4
1443.5,30.8,40.4,165.6,58.6,3.98,4.07,2.67,0.42,2.98,708.0
1127.3,25.4,5.3,44.0,23.8,1.36,2.7,1.42,0.32,1.44,272.6
2425.6,9.8,30.1,126.8,44.5,3.09,2.21,0.97,0.2,1.74,436.7
1788.5,17.5,18.8,141.7,45.5,3.04,2.87,0.59,0.27,1.07,493.8
626.9,37.1,70.7,286.7,65.6,6.93,5.64,4.41,0.84,4.02,1200.0
1016.5,39.5,9.4,38.1,26.3,2.1,3.39,1.14,0.43,3.81,328.0
2313.1,10.5,22.9,116.4,38.7,1.82,2.03,0.5,0.78,1.09,280.9
613.2,43.1,1.3,16.5,23.9,1.46,3.69,0.33,0.27,2.75,277.7
2783.4,18.2,10.1,35.8,20.4,1.39,2.0,1.81,0.45,4.07,244.1
1786.4,31.5,66.4,215.4,48.6,5.32,4.53,4.17,0.82,3.34,1012.5
1745.6,35.1,15.5,65.8,31.5,1.78,2.92,1.66,0.21,2.47,394.7
2058.7,37.5,6.8,83.3,48.7,2.84,3.28,1.21,0.57,1.62,359.0
2709.1,42.8,2.6,67.2,32.8,2.41,3.99,0.57,0.79,1.75,355.4
1373.9,17.5,24.3,156.3,45.5,3.74,3.13,1.25,0.81,3.3,429.7
2298.4,39.3,20.7,110.9,46.0,3.31,4.05,1.54,0.74,3.45,511.2
1984.0,10.3,9.4,64.8,30.4,1.7,1.61,2.75,0.75,2.6,206.8
1147.7,33.2,60.3,193.6,69.8,4.9,4.39,3.47,0.61,1.21,921.4
2860.2,34.7,0.4,80.8,34.5,2.52,3.72,0.38,0.3,3.98,353.7
2632.8,32.1,7.2,75.6,39.2,1.91,3.04,0.52,0.66,3.67,256.0
2243.7,15.1,50.8,188.3,47.9,4.73,3.47,1.32,0.83,1.28,639.8
2781.6,39.9,7.7,89.5,40.1,2.32,3.67,0.85,0.52,0.99,387.5
2828.4,11.8,5.8,32.0,28.0,1.7,1.62,0.29,0.33,2.62,197.8
2383.4,7.1,15.3,94.7,36.6,3.3,2.57,0.53,0.55,1.77,325.6
2743.6,33.7,34.7,165.6,45.8,3.68,3.6,2.28,0.63,1.76,677.4
2352.9,24.0,2.2,80.8,29.4,2.25,2.55,0.4,0.3,1.1,320.6
2304.4,39.0,57.3,141.0,47.6,4.48,4.28,3.77,0.65,4.04,815.7
2132.1,20.3,31.7,147.8,51.6,3.89,3.3,1.31,0.56,3.62,560.6
2507.6,11.7,4.0,67.4,31.1,1.89,1.93,0.75,0.58,1.19,162.6
844.1,38.5,24.9,108.6,41.8,2.78,3.75,1.75,0.36,3.78,512.5
2866.4,27.0,9.7,84.0,34.8,2.25,2.71,0.67,0.26,3.12,377.0
2841.2,12.6,10.3,49.4,29.7,2.35,2.51,0.49,0.59,1.91,227.2
481.9,33.8,30.6,100.6,36.5,2.73,3.7,2.52,0.56,3.76,547.4
2712.3,25.4,65.8,252.6,65.6,5.8,4.41,3.22,0.39,2.83,1084.6
760.8,29.2,2.7,54.2,51.3,1.68,2.67,0.17,0.36,3.69,211.2
1338.3,23.4,10.9,70.0,35.1,2.41,2.69,1.23,0.39,2.4,351.4
2481.8,38.1,13.1,83.3,40.2,2.49,3.53,1.55,0.49,2.5,452.1
850.1,38.2,9.4,56.9,33.8,1.56,2.84,1.16,0.83,1.79,280.5
2690.3,33.4,9.0,38.6,24.8,1.26,2.57,0.75,0.68,2.12,231.7
2730.0,9.2,1.1,11.5,32.4,0.5,1.48,0.58,0.75,2.73,3.4
1820.9,38.6,23.1,94.1,34.6,2.35,3.64,1.75,0.5,4.02,481.4
417.9,31.8,11.5,82.7,43.3,2.7,3.79,1.14,0.52,2.84,430.3
1203.7,32.9,4.3,71.9,30.3,2.65,3.34,1.09,0.29,1.3,391.1
2127.4,19.5,33.9,98.0,30.0,2.92,2.77,1.99,0.65,0.82,418.5
3147.3,40.2,32.4,79.5,37.2,2.85,3.76,2.41,0.45,3.69,586.9
2169.1,34.0,13.3,90.5,27.4,2.42,3.28,1.54,0.67,2.04,372.7
1127.5,9.5,7.1,51.6,33.6,2.1,1.83,0.16,0.44,1.87,186.5
2175.2,21.3,20.3,114.2,31.0,2.95,3.03,0.76,0.23,3.52,461.9
1912.0,40.5,6.8,73.4,30.7,2.9,3.91,0.78,0.27,4.01,455.3
2583.6,6.9,5.4,42.0,16.1,1.6,1.51,0.48,0.72,3.34,66.4
699.5,43.5,26.2,101.4,60.8,3.67,4.71,1.97,0.33,1.39,642.1
2530.9,32.2,0.8,46.5,15.1,2.05,3.58,0.3,0.34,2.13,279.5
1915.5,30.3,2.0,15.3,22.8,1.54,3.07,0.14,0.8,3.38,186.2
3096.4,15.8,0.1,14.1,31.7,0.5,1.73,0.37,0.61,3.88,73.5
1357.2,15.0,3.3,25.5,32.9,1.77,2.31,0.86,0.23,4.2,231.0
2171.3,42.7,1.4,66.9,38.9,1.97,4.06,0.64,0.25,2.54,367.7
3009.7,16.9,109.5,291.0,69.8,6.34,4.46,3.28,0.34,3.6,1200.0
687.0,36.0,6.8,29.0,36.0,0.92,2.64,2.44,0.57,0.96,282.5
3024.2,20.7,3.2,63.9,38.8,1.98,2.6,0.55,0.68,1.77,248.3
2326.1,10.6,5.5,47.3,30.2,1.74,2.04,0.77,0.34,2.06,162.5
589.9,5.4,55.0,210.6,59.8,3.8,2.31,0.94,0.76,4.12,602.7
1242.7,26.8,14.7,55.7,27.6,1.34,2.45,2.47,0.23,0.81,333.6
2382.9,44.0,9.1,72.8,25.8,2.38,4.12,1.36,0.3,1.85,418.9
588.6,19.8,41.3,172.5,60.9,4.38,3.08,1.65,0.83,3.96,666.9
2030.1,19.3,10.1,38.4,37.4,1.72,2.0,0.51,0.24,1.84,205.5
1368.5,18.8,8.2,51.7,22.2,2.27,2.49,0.71,0.77,1.57,232.2
2138.6,25.8,4.6,38.9,25.8,1.58,2.66,0.56,0.64,3.28,187.2
528.1,22.6,9.5,44.9,26.9,1.7,2.13,0.75,0.2,3.33,206.0
2840.3,40.2,7.6,51.4,29.0,1.48,3.22,0.68,0.49,2.41,299.1
3125.8,25.2,22.6,124.9,43.0,2.47,3.24,1.17,0.51,4.02,431.4
3112.9,25.3,6.8,96.6,45.0,3.26,3.32,0.62,0.8,1.49,322.3
2499.0,10.5,17.2,77.5,28.0,2.66,2.53,1.03,0.44,3.91,303.2
764.2,44.3,1.4,48.4,21.9,1.18,3.17,0.68,0.46,3.37,228.4
2523.1,15.0,4.2,61.4,40.9,2.01,2.03,0.16,0.23,2.05,233.6
468.8,7.9,10.5,71.8,29.2,2.06,2.11,0.25,0.6,3.54,220.8
461.9,31.5,55.3,147.1,36.4,3.66,3.89,2.92,0.3,1.25,774.7
1306.1,28.8,9.5,42.0,23.7,1.52,2.41,0.46,0.2,1.25,279.3
1768.2,21.6,21.8,86.4,32.9,2.59,2.62,0.89,0.85,3.96,318.2
2557.1,21.9,5.9,52.1,41.8,2.16,3.03,0.86,0.34,1.12,293.3
2313.2,36.4,2.7,73.9,40.7,2.31,3.2,1.11,0.25,0.81,370.5
1648.5,12.8,1.2,66.5,41.1,1.95,2.33,0.22,0.64,2.12,173.3
1166.2,37.8,7.3,32.8,32.5,1.51,3.02,0.79,0.73,1.15,261.8
3191.9,30.9,3.4,21.3,31.4,1.72,2.9,0.67,0.19,3.73,281.1
1593.3,21.8,3.8,85.6,29.9,2.49,2.86,1.36,0.22,3.94,347.0
1663.9,23.3,28.6,102.4,36.8,2.78,2.47,2.09,0.21,2.44,461.7
858.1,15.3,0.3,70.3,24.7,2.04,1.89,0.03,0.18,2.25,211.1
2625.5,35.1,16.3,50.1,27.3,2.03,3.26,1.07,0.61,2.63,326.2
2342.3,25.5,9.5,65.0,37.2,1.87,2.51,0.43,0.56,1.57,257.4
1018.2,17.8,14.1,80.6,35.6,2.62,2.89,0.8,0.61,1.81,333.2
630.7,28.8,16.5,101.5,48.8,2.3,2.65,1.29,0.5,1.14,343.6
2305.4,44.8,7.5,34.7,17.1,1.41,3.59,0.71,0.72,2.32,252.2
2232.6,22.4,7.0,38.6,31.0,1.87,2.19,1.03,0.53,2.88,208.1
1165.1,41.8,26.4,97.1,27.5,2.27,3.6,2.08,0.79,3.96,492.5
3062.4,18.8,41.0,152.2,48.1,2.98,2.59,3.86,0.49,3.31,611.1
823.0,7.2,4.3,89.4,42.0,2.38,2.48,0.05,0.7,3.26,183.8
1610.5,13.2,2.1,84.9,33.6,1.6,1.62,0.09,0.44,1.85,185.3
3042.1,21.7,45.6,203.4,61.0,4.07,3.46,1.8,0.45,3.82,704.0
1575.2,13.8,8.6,29.3,17.6,1.76,1.62,0.21,0.74,4.02,124.6
2187.9,5.0,16.0,48.6,15.4,1.66,1.97,0.74,0.23,3.97,246.0
1513.3,41.6,8.9,35.0,30.8,2.14,3.72,0.64,0.55,0.93,357.1
1167.8,38.8,2.7,39.4,41.0,1.15,3.06,0.73,0.66,2.85,216.8
3155.1,34.7,17.8,103.1,30.6,2.68,3.88,1.05,0.68,2.99,425.4
1546.1,11.7,14.9,101.4,48.0,2.76,2.44,0.41,0.56,1.8,293.2
2903.5,9.8,4.5,32.7,26.2,1.03,1.59,0.81,0.46,4.17,77.7
1043.9,7.7,12.0,77.4,23.2,2.59,2.16,1.36,0.33,1.79,326.5
996.7,34.0,31.9,147.8,37.6,3.78,4.12,2.02,0.79,1.54,677.3
487.2,42.2,17.9,86.3,35.7,1.89,3.41,2.66,0.41,2.45,456.6
2224.7,22.2,2.0,18.0,20.0,1.26,2.2,0.47,0.71,1.9,107.2
1431.9,9.8,15.9,87.1,25.2,2.49,2.39,0.47,0.17,3.94,306.9
2820.2,25.5,24.3,102.6,24.9,2.44,3.02,1.68,0.31,2.3,449.3
1725.0,19.0,31.5,139.5,38.3,2.7,2.71,1.13,0.39,2.19,439.8
3110.9,20.0,19.8,97.7,39.1,2.71,2.45,0.78,0.62,2.93,343.4
919.5,29.9,3.3,13.9,22.5,2.11,3.39,0.59,0.37,1.08,277.0
2832.1,33.7,24.8,137.7,40.8,3.21,3.54,1.59,0.18,3.37,586.2
2574.5,9.4,22.6,103.3,40.2,3.25,2.76,0.41,0.27,3.41,422.6
2558.6,6.4,0.5,41.7,35.8,1.33,1.54,0.03,0.33,2.41,105.5
2765.4,44.8,10.6,113.5,43.6,2.97,3.83,1.41,0.27,4.05,497.9
2530.9,14.3,8.1,42.5,26.7,1.97,2.49,0.64,0.29,2.77,216.1
2153.4,7.2,22.1,65.2,39.2,2.03,1.91,0.48,0.69,3.16,216.2
767.5,12.6,4.9,74.4,25.7,2.01,2.44,1.01,0.44,3.94,218.9
491.1,6.6,17.9,58.0,28.6,2.19,1.84,0.41,0.43,3.07,194.4
2978.4,20.7,48.9,173.2,49.6,4.8,3.94,2.18,0.83,2.27,722.7
2126.6,37.1,32.0,89.1,26.1,2.73,3.22,2.94,0.46,0.88,561.8
2630.3,18.6,50.9,145.2,42.8,3.33,2.88,2.32,0.8,3.28,571.6
1748.3,22.8,76.8,294.0,56.3,6.21,4.19,3.2,0.36,4.08,1200.0
728.5,32.0,0.2,20.4,39.0,2.32,3.12,0.47,0.43,2.4,237.0
750.5,25.4,19.5,104.1,31.2,2.75,3.2,1.04,0.43,1.96,370.3
2319.6,39.5,10.6,79.5,47.0,2.13,3.36,1.12,0.53,2.57,369.3
1604.9,39.6,39.3,178.9,52.5,3.95,4.55,2.72,0.56,3.28,801.5
961.5,5.4,5.8,82.2,39.3,1.51,1.31,0.28,0.32,0.8,163.2
1776.5,36.1,79.3,274.4,65.5,6.93,5.72,4.87,0.71,3.82,1200.0
579.8,23.4,19.0,128.7,44.8,3.37,3.59,0.76,0.5,3.81,438.5
2029.5,44.6,31.6,137.2,49.9,3.52,4.64,2.7,0.15,2.64,749.5
1153.2,24.3,1.8,60.5,36.2,1.92,2.57,0.87,0.56,1.22,223.5
2633.2,44.5,4.1,75.5,39.8,1.73,3.04,0.31,0.71,3.08,317.9
1269.0,35.2,28.4,126.5,39.8,3.3,3.97,1.75,0.33,1.27,608.2
1674.6,14.9,0.4,40.9,23.5,1.81,2.1,0.26,0.18,2.53,170.6
432.5,26.5,34.0,138.8,32.2,3.13,3.06,1.94,0.72,1.12,556.5
602.9,44.7,0.3,28.2,29.3,2.1,3.62,0.1,0.83,2.8,221.4
1499.0,39.3,21.4,66.6,40.6,1.97,3.78,1.43,0.2,1.88,404.6
1743.8,8.9,9.1,68.4,45.2,2.17,1.71,0.43,0.81,3.63,153.9
2080.1,33.3,18.9,56.9,32.7,2.38,3.42,1.73,0.4,3.52,426.6
1216.7,18.8,23.8,54.8,23.7,1.89,2.42,0.76,0.81,4.19,272.3
2345.9,5.3,8.4,20.3,10.1,1.23,1.3,0.25,0.6,1.68,60.4
2808.3,21.1,2.3,55.2,38.3,1.27,2.37,0.52,0.77,1.01,115.4
2583.6,14.4,1.4,35.3,12.0,2.08,2.64,0.09,0.7,2.31,115.0
510.9,37.8,17.8,100.1,35.3,2.64,3.58,1.23,0.17,1.08,463.3
1745.4,18.5,14.7,84.3,33.4,2.56,2.59,0.76,0.2,1.41,327.1
693.8,38.1,27.1,104.4,38.2,3.19,4.07,2.95,0.52,2.83,602.9
1077.7,5.0,14.3,64.3,31.9,1.73,1.84,0.25,0.24,2.81,239.2
3162.7,17.3,11.0,83.7,36.2,2.24,2.42,0.58,0.47,0.95,296.8
799.0,14.6,10.2,64.8,12.3,2.52,2.37,0.45,0.82,2.31,203.2
1796.9,14.3,0.5,78.9,34.3,1.74,1.52,0.92,0.36,2.6,198.3
2130.8,7.7,8.2,94.0,19.1,3.27,2.24,0.14,0.49,1.71,285.7
2366.9,12.5,74.6,274.1,75.2,5.44,3.36,1.89,0.42,3.76,989.4
1967.0,27.2,41.4,198.7,51.3,4.02,3.92,2.63,0.59,1.35,773.6
427.4,16.7,8.0,63.0,14.1,2.01,2.25,1.99,0.29,1.66,295.9
1314.1,21.7,17.7,97.2,31.0,3.45,3.14,1.12,0.33,1.33,495.1
1849.6,20.1,37.6,184.0,48.6,3.32,3.07,1.45,0.75,1.2,600.0
646.0,40.0,11.6,95.4,46.7,2.57,3.51,0.99,0.72,3.79,391.0
1381.8,41.2,0.4,72.8,34.7,2.29,4.05,0.2,0.7,1.74,302.3
493.0,24.7,1.5,62.6,34.0,1.96,3.02,0.43,0.69,3.26,217.2
620.0,18.2,14.3,121.1,51.3,3.09,3.28,0.97,0.47,2.26,418.4
1511.4,9.3,69.8,253.7,64.9,4.89,3.41,1.76,0.66,2.96,837.1
771.6,43.1,23.6,110.2,45.9,2.83,4.0,1.91,0.42,3.96,568.2
1989.1,7.4,1.5,62.5,36.7,1.88,2.2,0.52,0.22,3.67,161.2
2330.5,16.9,4.2,65.7,21.5,1.55,1.95,1.11,0.43,1.03,207.7
2641.6,16.9,29.5,106.1,50.9,2.8,2.46,1.85,0.26,3.67,469.6
960.4,17.8,36.8,184.8,41.9,3.86,3.05,1.58,0.42,2.34,646.9
869.0,11.6,19.2,114.5,47.9,2.62,2.47,0.78,0.36,1.99,404.2
692.8,36.3,20.7,75.4,21.4,2.4,3.28,1.56,0.57,3.09,390.0
2182.0,9.9,0.6,53.1,34.4,1.07,1.51,0.09,0.4,4.03,91.2
2378.1,30.4,35.3,121.6,56.8,3.27,3.17,1.84,0.64,1.12,500.5
488.4,10.0,31.0,144.5,44.3,4.22,3.09,0.78,0.51,3.41,514.2
3021.4,7.8,6.0,55.4,27.9,1.41,1.22,0.15,0.79,1.49,49.7
545.5,41.4,24.7,82.2,39.7,3.11,3.81,2.05,0.21,2.09,553.3
1915.6,12.6,4.8,50.5,26.5,1.79,2.32,0.52,0.63,3.77,162.5
2385.4,37.9,0.8,56.9,44.8,1.62,3.49,0.35,0.62,2.66,263.2
2838.7,26.8,4.5,19.7,25.1,0.79,2.36,0.22,0.82,1.03,106.9
2399.4,8.1,3.9,62.2,28.6,2.0,1.95,0.08,0.41,2.53,179.4
2644.8,43.2,8.2,90.4,32.0,3.04,3.97,0.64,0.36,3.48,459.6
1350.5,14.9,10.8,88.8,28.5,2.22,2.12,0.34,0.27,2.6,258.0
2681.5,39.4,14.2,38.2,21.9,1.65,3.2,2.77,0.34,1.37,361.5
624.3,11.8,13.0,124.1,39.5,3.32,2.28,0.42,0.5,2.31,380.1
2905.5,39.2,6.3,78.9,30.3,2.39,3.67,0.55,0.74,3.94,371.9
1933.3,5.5,0.6,18.4,18.1,0.65,1.16,0.03,0.35,3.04,92.3
2688.4,25.5,18.6,44.5,44.8,1.9,2.47,1.19,0.26,3.28,339.5
1666.5,35.8,10.1,40.1,19.0,2.27,3.78,1.02,0.34,3.47,385.9
2202.0,42.4,7.1,86.9,36.8,2.39,3.92,0.58,0.22,1.11,424.0
1873.9,41.4,40.3,118.3,46.0,2.36,3.88,3.79,0.8,2.78,607.5
2448.5,37.8,27.5,82.3,39.9,2.76,3.58,2.37,0.76,2.08,492.0
628.6,40.5,39.0,182.2,52.3,4.39,4.58,2.74,0.37,1.27,828.9
569.0,13.0,13.7,80.7,32.6,1.53,2.07,0.56,0.32,1.49,251.0
1091.9,16.4,2.8,73.2,36.8,1.44,2.08,0.32,0.78,3.46,139.5
846.7,16.6,23.8,130.5,45.6,3.51,3.38,0.83,0.15,1.35,507.0
2841.0,20.1,4.6,20.5,21.6,1.03,1.99,0.84,0.57,1.86,116.9
1013.8,20.7,11.6,108.5,27.0,2.32,2.53,0.45,0.79,1.77,296.9
3132.4,26.8,1.3,26.3,21.0,1.39,2.7,0.27,0.51,0.97,153.5
1343.3,11.4,34.9,126.5,33.6,2.76,2.07,0.89,0.15,2.37,442.7
909.9,32.6,2.7,59.7,25.4,1.96,3.32,0.4,0.3,3.4,305.1
2611.2,11.7,46.7,175.9,51.9,3.81,2.55,1.7,0.8,0.88,592.9
2244.4,17.4,39.9,161.3,51.9,3.26,3.07,1.26,0.16,1.18,596.3
1794.9,25.1,12.5,65.0,45.9,1.9,2.52,0.57,0.43,3.25,275.4
1955.0,36.9,27.3,79.5,30.0,2.64,3.72,2.06,0.7,2.82,482.4
2413.8,34.6,19.3,136.4,50.7,3.36,4.04,1.19,0.74,3.23,507.1
1039.7,30.8,32.5,150.1,49.5,3.66,3.8,1.7,0.48,1.58,580.4
3189.7,11.2,11.3,95.5,47.6,3.26,2.3,0.43,0.31,3.53,361.0
3129.4,26.9,30.8,127.8,47.6,3.56,3.3,1.48,0.57,2.43,555.2
2220.9,8.5,12.4,92.1,28.5,2.75,2.05,0.36,0.33,2.88,313.8
958.7,20.1,56.6,166.0,36.1,3.79,2.81,2.02,0.33,1.11,692.7
2304.6,21.5,13.3,66.7,34.5,2.18,2.91,0.52,0.72,1.5,230.0
602.2,6.6,12.4,64.6,27.4,1.82,1.75,0.47,0.26,3.43,205.8
485.8,16.0,30.7,75.1,25.7,2.55,2.24,0.83,0.15,1.56,403.2
1121.5,43.2,34.5,120.7,31.6,3.18,4.53,3.84,0.39,1.11,715.3
1695.3,43.1,16.2,80.0,35.7,2.51,3.69,1.33,0.49,2.83,438.2
2831.2,19.1,4.0,38.6,39.0,1.67,2.34,0.6,0.64,2.66,137.2
2436.1,6.7,12.6,42.3,24.4,1.65,1.45,0.81,0.7,2.87,119.8
2479.6,12.2,68.9,298.0,78.4,7.23,3.93,1.53,0.61,2.9,1184.9
1591.4,20.7,28.0,120.9,40.9,2.76,2.51,1.52,0.59,2.5,401.4
1368.6,42.9,33.3,145.8,35.9,3.37,4.13,3.1,0.62,2.48,672.9
1438.9,10.6,0.7,49.4,34.8,2.02,2.24,0.12,0.34,3.94,173.6
3165.4,35.5,12.6,51.5,20.5,1.62,3.17,2.7,0.42,2.62,405.0
512.3,9.3,20.8,123.5,42.4,2.81,2.34,0.33,0.58,2.9,346.5
2827.7,44.3,35.4,87.1,32.9,2.33,3.33,2.71,0.2,1.71,593.8
2020.3,20.3,1.0,45.0,35.2,1.88,2.75,0.64,0.36,3.76,229.9
1628.1,36.0,38.3,179.5,43.8,4.43,4.43,2.38,0.43,0.88,775.9
2430.7,18.7,15.9,123.0,45.3,2.84,2.76,0.97,0.52,2.69,379.1
1762.7,30.1,4.4,45.7,21.5,2.0,3.26,0.99,0.49,2.11,263.6
2845.6,12.7,7.6,77.7,29.9,1.45,2.17,1.44,0.65,2.85,226.7
2922.0,10.8,6.6,67.7,10.0,1.74,2.19,0.38,0.48,2.02,172.2
1580.8,42.5,15.1,111.0,56.7,2.92,3.95,2.49,0.78,3.24,505.6
1175.1,41.7,1.1,38.2,31.3,1.12,2.91,0.29,0.42,0.87,232.1
2058.6,40.5,3.5,39.6,21.0,0.92,3.26,0.33,0.52,2.18,261.9
2954.6,30.0,33.5,183.7,44.1,4.03,3.55,1.96,0.15,3.63,738.6
989.9,37.3,2.8,13.9,18.5,1.5,3.6,0.6,0.37,1.65,232.4
2144.3,7.8,5.3,32.1,31.5,2.01,1.87,0.31,0.76,0.98,120.1
2168.4,18.4,12.1,52.2,14.3,1.59,1.95,0.71,0.38,2.49,261.2
2452.7,17.5,14.6,114.0,39.4,3.09,2.54,0.64,0.33,4.12,410.5
768.4,30.4,28.8,64.1,45.7,2.57,2.93,1.76,0.53,1.02,395.4
2404.3,19.2,11.9,92.6,27.6,2.93,2.89,1.6,0.21,1.04,399.9
2945.3,10.9,31.2,96.1,37.9,2.42,2.21,0.85,0.52,2.82,320.0
903.1,28.9,19.3,60.6,48.5,1.43,2.35,1.04,0.36,1.65,336.2
1065.1,37.6,2.4,42.0,32.6,1.68,3.12,0.72,0.42,2.19,300.8
3119.9,20.3,3.4,30.8,26.6,1.07,1.73,0.28,0.7,3.62,97.2
906.7,10.3,11.5,80.3,38.5,1.96,2.12,0.87,0.61,1.48,213.5
2792.3,12.9,10.1,79.9,31.2,2.11,2.16,0.24,0.46,3.25,234.2
1778.4,14.5,27.2,119.4,51.9,2.84,2.48,0.82,0.55,2.52,395.0
1092.2,17.0,17.4,63.7,28.3,2.09,2.04,0.53,0.69,3.88,218.7
2838.1,30.7,9.8,87.5,20.1,2.65,3.23,0.54,0.67,4.11,339.8
1646.9,29.0,3.7,80.0,31.3,2.08,2.86,0.61,0.28,2.45,283.5
1841.5,32.8,5.1,72.0,25.2,2.28,3.32,0.48,0.36,2.79,357.2
1405.9,19.5,17.1,116.6,38.7,2.87,2.88,1.38,0.39,3.34,388.5
2060.3,38.0,11.0,55.9,28.0,2.32,3.71,0.99,0.28,1.88,347.9
857.9,13.2,14.5,109.8,49.3,2.65,2.31,0.46,0.16,1.57,361.3
1495.0,23.8,3.7,37.3,32.3,1.55,2.0,0.66,0.27,4.08,188.3
3114.4,37.0,21.7,51.4,31.4,1.85,3.51,1.73,0.72,2.27,352.5
1122.8,12.2,38.3,137.2,44.7,3.18,2.38,1.42,0.53,0.81,484.5
2238.9,9.4,6.0,93.7,28.4,2.11,1.72,0.51,0.39,3.65,244.4
1310.5,40.3,13.5,81.1,17.1,1.95,3.46,0.98,0.58,2.84,361.5
2565.7,18.7,74.2,186.7,54.5,4.78,3.74,2.76,0.67,1.37,899.8
766.4,32.4,8.1,42.6,34.0,1.28,2.64,0.64,0.4,0.9,246.2
3115.5,6.0,18.1,89.8,35.3,2.25,1.75,0.43,0.48,1.79,273.3
1670.6,32.6,1.9,77.0,29.6,2.58,3.27,1.12,0.19,3.95,390.4
1060.9,17.6,18.6,71.1,36.5,2.03,2.73,0.73,0.57,3.97,326.5
605.8,7.2,1.9,70.5,32.0,2.39,2.01,0.4,0.4,1.86,229.1
875.3,29.4,64.0,155.5,61.5,4.12,3.66,3.32,0.45,3.64,819.7
1855.4,14.6,25.2,132.3,53.7,2.74,2.3,0.65,0.45,2.3,407.4
1343.6,20.5,31.0,147.7,54.3,2.88,2.83,1.3,0.59,3.02,471.0
2720.9,8.2,24.4,93.1,42.8,3.0,2.39,0.7,0.55,1.94,337.4
1606.5,10.9,17.8,66.5,21.6,1.58,1.95,0.53,0.45,2.55,188.5
1096.4,16.9,12.0,104.9,44.2,2.95,2.78,0.54,0.16,1.8,368.7
2128.0,8.6,39.1,161.1,52.0,3.17,2.22,1.25,0.58,1.01,522.8
2379.0,41.4,62.9,182.5,57.7,5.6,5.06,4.35,0.77,1.27,1030.3
867.7,5.2,13.8,78.1,38.0,3.08,2.41,0.26,0.69,1.79,248.3
869.3,24.4,53.6,201.9,60.0,4.05,3.33,2.84,0.84,4.12,742.7
502.7,9.9,17.5,120.2,63.2,2.47,2.06,1.3,0.25,4.08,363.9
2461.9,17.3,15.5,58.5,29.9,2.26,2.61,0.66,0.31,3.61,302.4
2258.7,42.0,12.1,111.2,47.5,3.09,4.29,1.73,0.53,1.59,509.4
1729.0,11.5,4.7,38.3,23.1,1.9,1.95,0.18,0.32,2.3,178.9
2763.7,43.6,0.1,60.3,37.2,1.68,3.41,0.11,0.17,2.3,331.8
2655.9,13.2,5.5,40.8,34.9,2.43,2.0,0.87,0.43,2.12,255.3
2039.0,34.7,14.3,64.9,34.6,2.17,3.42,1.76,0.35,0.95,396.0
2831.2,26.9,9.6,45.6,41.6,1.29,2.83,0.53,0.33,2.62,255.0
976.4,40.4,11.9,101.3,31.2,2.55,4.38,0.83,0.82,1.05,380.1
713.4,27.2,78.9,269.7,64.6,5.8,4.64,3.61,0.32,3.53,1156.9
1155.3,26.4,8.6,89.7,37.8,3.06,3.26,0.5,0.24,3.15,376.9
559.8,12.8,12.0,68.5,39.4,1.82,1.8,0.83,0.24,2.0,249.2
1887.3,11.6,2.9,66.5,33.4,2.2,1.68,0.34,0.71,3.0,151.3
3022.5,41.7,1.0,64.9,42.0,1.8,3.51,0.31,0.65,1.59,244.8
510.2,18.1,29.9,114.5,35.3,2.64,3.26,1.25,0.24,1.7,450.7
741.9,19.9,16.9,94.2,27.8,1.73,2.67,1.44,0.3,1.87,305.3
1666.2,35.4,28.6,104.6,41.3,3.18,4.05,1.73,0.67,3.51,558.8
3014.9,18.6,3.2,42.2,27.0,2.17,2.54,0.58,0.34,1.52,221.4
1285.2,43.1,17.0,83.4,39.4,2.14,3.78,2.26,0.84,2.71,447.0
1820.3,34.5,5.9,69.3,32.3,1.48,2.36,0.43,0.53,1.48,243.5
516.4,28.9,5.2,31.4,22.9,1.82,3.03,0.98,0.28,1.77,249.2
815.4,40.2,0.2,59.0,30.0,1.23,3.0,0.49,0.75,1.6,249.5
3162.6,7.0,2.8,81.6,34.9,2.72,1.97,0.04,0.37,2.99,230.3
3102.3,15.3,7.4,71.7,30.5,1.74,2.04,0.29,0.35,2.59,256.6
413.8,23.6,2.5,55.3,28.3,1.4,2.3,0.47,0.38,3.25,197.5
3065.1,14.1,85.2,166.5,46.7,4.1,2.94,2.28,0.69,1.55,750.5
2189.5,34.8,7.4,89.0,42.9,2.02,3.22,0.73,0.27,0.83,381.2
2830.2,41.8,2.8,32.6,27.4,1.23,3.08,0.3,0.42,3.11,261.6
1673.3,22.0,4.4,64.3,49.6,2.15,2.66,0.61,0.17,1.19,292.8
1843.7,18.7,17.7,127.4,44.2,2.07,2.07,0.68,0.73,1.64,377.1
1768.8,43.5,1.3,52.2,25.0,2.45,3.8,0.29,0.39,1.84,335.6
2267.2,22.8,39.7,141.7,66.9,3.68,3.1,1.69,0.32,3.34,587.0
791.0,24.6,65.1,198.6,59.1,4.3,3.58,3.11,0.56,2.93,821.6
483.9,19.1,5.7,21.5,31.8,0.95,1.99,0.22,0.64,1.43,102.3
1262.2,41.4,12.0,102.5,43.2,3.12,3.65,0.92,0.72,2.83,481.3
2373.1,27.8,0.4,8.7,26.6,1.37,2.38,0.11,0.39,3.21,152.6
965.2,35.5,20.5,97.7,41.9,3.29,3.97,1.26,0.72,2.12,517.9
2285.6,37.5,10.7,34.8,17.4,1.31,2.68,0.76,0.48,1.64,270.3
3115.8,18.7,6.3,82.0,37.7,2.39,3.03,0.57,0.22,3.11,338.1
662.9,22.3,4.6,26.2,14.1,1.58,2.7,0.7,0.74,2.88,178.2
2283.3,38.9,21.2,90.4,34.9,2.89,3.7,1.81,0.53,1.06,503.4
1642.5,19.5,10.8,84.9,29.5,2.78,2.61,0.61,0.57,3.07,334.3
2830.8,36.8,4.0,52.7,32.3,1.55,3.16,0.26,0.81,2.46,210.8
896.0,42.6,23.4,105.4,41.7,2.9,3.65,2.94,0.54,3.36,556.8
2339.4,29.9,16.7,79.5,38.2,2.12,2.52,0.9,0.15,1.45,382.5
2746.7,34.7,39.1,116.9,43.3,3.26,3.66,2.7,0.76,1.68,639.5
3044.9,37.2,2.5,44.7,23.2,1.97,3.29,1.13,0.35,2.65,284.4
2313.1,38.8,30.8,125.2,40.4,2.65,3.73,2.47,0.5,2.44,524.7
1792.1,20.8,22.4,125.6,50.0,3.53,3.05,0.87,0.29,2.11,493.9
2130.0,7.1,2.4,27.8,33.5,0.97,1.68,0.18,0.36,3.34,105.6
2832.9,21.1,23.7,123.9,33.1,2.88,2.55,0.85,0.63,2.72,409.2
1997.7,32.0,11.7,77.3,21.7,2.73,3.12,1.0,0.45,3.21,363.7
485.1,23.0,58.0,206.0,51.3,4.83,4.02,2.6,0.59,1.32,860.4
3006.7,35.0,3.1,50.7,37.5,1.93,2.9,0.7,0.73,3.28,216.4
2330.7,19.3,20.6,130.8,53.3,2.68,2.44,0.67,0.39,2.37,413.7
2294.2,30.4,9.6,39.6,19.7,1.23,2.68,1.17,0.55,0.91,238.5
1003.9,12.5,62.8,223.7,62.7,5.17,3.26,1.84,0.69,1.6,830.3
2244.9,35.0,8.0,73.0,47.8,1.98,3.18,0.53,0.65,0.89,307.1
1502.8,26.8,65.5,243.4,67.1,5.5,4.22,3.1,0.53,2.35,1030.5
2223.5,13.2,46.4,216.5,70.3,5.01,3.27,1.42,0.42,1.91,764.4
698.5,16.7,6.3,47.3,36.5,1.32,1.48,0.45,0.44,4.16,183.7
2242.0,34.9,32.5,96.5,30.1,2.86,3.64,1.94,0.45,3.75,549.8
3198.4,24.3,108.5,363.6,83.9,8.44,5.28,4.43,0.39,3.61,1200.0
535.0,13.6,5.8,67.9,32.5,2.04,2.13,0.74,0.64,2.5,203.5
3136.1,43.7,11.5,110.2,40.7,2.63,3.81,0.9,0.24,3.54,454.2
1539.3,33.6,14.7,81.2,41.9,2.17,3.18,0.9,0.83,1.71,301.9
2838.1,43.3,7.0,76.2,37.0,1.81,3.52,1.22,0.7,2.71,352.0
2590.7,22.1,0.3,68.7,10.0,2.22,2.73,0.39,0.36,2.14,251.0
1987.6,24.0,5.0,18.9,12.9,1.03,2.06,0.57,0.18,1.38,182.7
2467.7,40.9,6.6,78.7,16.7,2.61,4.11,0.71,0.65,1.05,366.6
2859.8,26.0,11.7,79.9,35.8,2.2,2.41,0.84,0.66,2.7,304.5
1531.6,33.3,3.8,20.9,25.7,0.92,2.6,0.58,0.82,1.13,169.1
1315.7,15.1,41.3,128.6,45.4,3.09,2.93,2.41,0.33,3.24,602.6
2269.3,22.9,24.4,90.8,28.7,2.34,2.89,1.03,0.21,3.93,401.4
2662.0,9.9,1.8,64.8,37.0,2.38,1.9,0.13,0.79,1.35,126.8
2534.4,13.2,21.0,116.5,46.7,2.72,2.26,0.49,0.33,2.4,354.2
2633.9,5.0,21.2,131.6,33.6,2.89,1.88,0.61,0.66,3.31,344.7
1619.6,6.6,62.6,160.6,37.2,4.11,2.9,1.0,0.19,1.78,645.7
2689.9,44.1,0.1,50.6,29.1,1.96,3.48,0.05,0.68,3.93,231.2
736.6,14.7,5.7,31.2,39.9,2.16,2.35,0.32,0.24,3.82,197.5
1924.6,31.5,52.6,193.2,68.4,5.41,4.65,2.84,0.64,1.15,922.0
416.1,38.6,53.8,165.8,54.4,4.14,4.96,3.62,0.52,0.89,833.1
1308.8,27.0,25.5,122.1,36.1,3.45,3.56,2.36,0.82,4.12,536.8
1426.1,11.1,29.0,147.5,53.6,3.98,2.72,1.0,0.18,4.05,551.2
1509.3,34.1,1.9,73.4,29.6,2.73,3.15,0.11,0.35,2.24,356.0
2347.3,29.0,14.4,41.1,21.3,2.09,2.9,0.81,0.2,0.97,317.4
1488.0,34.3,5.3,47.2,11.3,2.11,3.21,0.3,0.77,2.9,263.6
1656.3,35.8,4.0,70.2,33.4,1.97,2.7,0.74,0.57,1.8,283.1
1065.1,44.0,33.2,107.9,34.4,2.73,3.83,2.69,0.52,3.98,563.3
1445.1,27.9,2.9,25.3,25.3,1.26,2.61,2.18,0.24,3.5,262.3
1036.4,18.7,12.6,89.9,17.8,1.72,2.15,0.92,0.49,3.01,237.2
604.9,30.9,55.8,139.6,46.5,4.34,4.32,3.17,0.43,1.77,851.6
2089.7,7.7,4.1,48.5,10.0,1.62,1.3,0.71,0.37,3.18,154.0
2271.0,40.9,76.3,203.7,65.4,6.39,5.66,5.5,0.69,1.78,1200.0
2134.6,9.8,103.3,374.9,91.7,6.95,4.42,1.79,0.19,0.93,1200.0
1697.8,18.1,16.2,44.7,25.8,2.17,2.7,0.79,0.6,2.53,205.5
1463.4,37.6,3.7,22.0,28.5,1.17,2.59,0.56,0.73,2.46,218.2
2817.3,28.9,7.6,87.0,27.8,1.85,2.93,0.61,0.79,3.39,296.3
1853.4,20.7,11.1,109.2,40.2,3.37,2.96,0.46,0.67,3.74,383.4
1741.7,23.9,7.4,71.0,39.1,2.57,2.58,0.4,0.35,2.01,316.9
471.8,39.2,6.6,46.9,10.0,1.81,3.25,0.56,0.57,2.33,256.3
1355.5,18.6,71.7,298.7,70.2,6.33,4.13,2.23,0.25,2.4,1127.2
1464.5,39.8,3.3,63.7,31.3,2.17,3.77,1.22,0.23,1.9,344.8
1516.7,8.5,26.4,157.6,46.8,3.54,2.72,0.84,0.6,3.33,455.7
2024.5,36.1,0.0,62.5,42.9,1.62,2.82,0.47,0.75,2.58,252.2
1894.1,38.9,18.1,92.9,27.7,2.4,3.42,1.52,0.2,3.91,464.7
2102.1,12.3,49.5,167.8,45.2,4.55,3.14,1.48,0.22,3.01,717.7
2541.7,22.2,6.8,42.5,12.3,2.72,2.89,1.86,0.55,1.52,348.6
2676.4,11.6,4.1,41.0,39.5,2.26,2.42,0.27,0.3,1.36,171.3
2410.7,33.3,21.1,113.1,38.4,3.13,3.82,1.67,0.58,2.07,548.1
3075.5,26.4,24.9,154.5,44.3,3.44,3.46,1.28,0.3,1.98,592.6
451.1,30.4,23.3,134.8,43.9,2.98,3.37,1.95,0.23,2.18,564.5
948.2,12.9,7.7,56.5,35.3,1.59,1.49,0.95,0.53,1.42,202.1
421.2,13.5,5.8,28.1,27.8,1.22,2.12,1.06,0.75,4.13,149.8
2212.9,6.7,62.4,129.4,64.5,4.04,2.61,0.7,0.63,1.3,571.0
2914.5,17.9,51.4,198.6,59.4,5.19,4.19,1.67,0.72,3.02,834.0
1081.8,27.4,12.2,65.4,28.1,2.36,3.06,0.62,0.34,0.84,326.3
2995.7,39.3,37.4,122.6,37.6,2.95,4.37,2.7,0.77,2.18,610.9
568.7,31.7,12.0,35.4,23.2,1.97,3.2,0.91,0.41,1.85,331.1
3016.4,22.4,11.0,109.9,27.8,2.61,2.51,0.53,0.75,2.1,261.5
1384.5,43.1,3.4,43.4,28.1,0.83,2.95,0.76,0.48,2.49,258.1
684.0,33.8,11.1,107.0,45.5,2.87,3.51,0.75,0.34,2.84,455.4
1760.4,42.2,15.4,84.4,30.3,2.1,3.41,1.85,0.33,2.78,410.4
1119.0,26.1,0.5,15.6,16.4,0.91,2.2,0.1,0.55,2.94,125.1
1197.6,15.4,11.7,100.9,50.3,2.49,2.12,0.48,0.21,3.67,308.7
1260.4,7.1,30.4,142.2,34.2,3.0,2.28,0.75,0.8,3.81,385.8
2648.5,34.0,22.8,102.9,22.0,2.68,3.54,1.67,0.34,3.31,491.6
1909.7,9.9,20.2,90.5,27.1,2.37,1.88,0.36,0.38,1.07,265.5
1271.7,17.1,48.1,139.1,32.7,2.58,3.07,2.12,0.31,4.07,573.9
2108.9,26.3,0.4,55.1,33.0,2.44,3.0,0.38,0.15,4.02,292.0
2405.2,27.6,16.3,123.6,39.4,2.62,2.93,1.56,0.63,3.22,429.0
1163.3,29.0,31.0,96.4,35.6,2.35,2.68,2.31,0.56,2.56,487.3
1557.9,11.7,15.6,76.1,42.9,2.08,2.11,0.62,0.72,1.65,207.6
741.3,20.2,7.8,94.0,31.4,2.41,2.6,1.23,0.18,3.37,359.5
907.2,29.7,2.9,32.8,32.1,2.1,3.2,0.9,0.8,3.78,224.8
2307.1,43.8,43.7,196.0,67.4,5.19,5.07,4.46,0.38,3.06,1013.0
908.0,34.1,12.7,80.1,30.8,2.55,3.13,1.48,0.79,2.94,418.6
1870.5,41.9,42.1,140.3,51.1,4.02,4.9,3.63,0.22,1.46,835.5
2385.3,35.5,17.6,86.6,33.7,2.58,3.62,1.3,0.67,2.02,420.7
699.3,28.7,22.4,81.5,42.1,2.59,3.11,1.17,0.56,3.26,411.0
1988.5,12.7,32.6,114.2,28.0,2.04,2.17,1.66,0.4,0.86,397.2
1118.4,31.7,21.5,116.2,27.7,2.81,3.54,1.65,0.21,2.98,478.1
3096.2,29.9,10.2,91.8,33.4,2.93,3.03,0.64,0.57,3.41,426.6
1753.9,29.1,14.4,83.6,27.9,3.94,3.84,0.87,0.17,1.94,494.1
2656.8,24.6,32.5,133.6,39.9,2.81,2.95,1.8,0.5,1.06,543.8
1940.6,26.1,9.4,55.8,28.3,2.07,2.94,0.67,0.57,3.59,284.9
521.6,18.4,9.8,37.9,32.6,1.39,1.94,0.33,0.66,1.28,157.3
2172.8,25.8,2.0,69.8,29.3,2.88,3.01,0.15,0.84,2.06,262.3
3063.9,12.9,49.2,153.6,41.1,2.99,2.98,1.61,0.33,3.2,613.8
2084.5,37.2,1.9,32.5,23.0,1.75,3.53,0.28,0.38,3.58,274.2
2693.7,12.4,20.9,73.4,27.1,1.6,1.09,0.72,0.39,3.73,235.5
2875.8,8.4,10.7,42.6,20.2,1.53,1.97,0.73,0.66,2.6,135.4
1038.6,22.4,10.4,63.2,18.5,1.97,2.57,0.95,0.8,2.42,230.1
993.7,31.3,22.8,126.1,43.2,3.59,3.58,1.26,0.83,3.68,511.7
2110.7,22.5,1.4,78.3,29.5,1.75,2.24,0.09,0.81,2.71,159.9
1550.9,16.1,18.0,118.1,49.0,3.16,2.56,0.84,0.77,2.77,389.4
2751.6,27.3,29.6,133.5,32.4,3.24,3.23,1.89,0.84,2.28,499.5
2920.1,18.9,35.2,170.3,46.3,3.94,3.01,1.17,0.41,2.07,626.4
1389.6,42.3,3.7,57.3,44.8,2.31,3.39,0.45,0.81,2.43,316.9
1063.2,41.9,45.5,164.8,42.2,3.67,4.06,4.0,0.68,2.04,780.6
2585.5,25.1,21.4,124.3,40.5,3.38,3.43,2.05,0.27,1.97,564.5
1169.5,18.1,42.7,144.9,36.4,3.2,2.93,1.53,0.18,4.18,589.6
2703.3,34.5,13.3,70.0,21.8,2.58,3.6,0.8,0.3,1.94,369.5
1586.5,6.5,15.6,62.0,43.5,2.1,1.83,0.29,0.7,1.67,217.6
2269.1,24.0,50.3,162.4,50.6,3.9,3.2,2.12,0.59,2.0,672.5
667.5,18.5,46.0,188.5,55.0,4.01,3.42,1.52,0.31,2.81,705.5
2146.8,41.8,11.9,55.4,16.4,2.23,3.42,1.1,0.67,3.9,368.1
1664.9,5.5,6.4,54.1,32.6,2.33,2.06,0.41,0.25,3.48,157.6
2042.5,27.1,10.0,96.4,46.6,2.35,2.69,0.5,0.73,3.66,291.5
870.4,34.6,9.8,72.4,42.2,1.76,2.93,1.45,0.71,3.72,332.3
2463.2,24.4,6.8,84.8,40.6,2.61,2.88,0.66,0.83,3.93,293.3
2815.8,8.4,6.3,41.1,18.4,1.05,1.64,0.45,0.26,1.6,150.2
1006.9,43.9,39.5,115.7,43.3,2.88,4.11,4.63,0.78,2.36,678.4
668.0,25.7,1.4,52.9,34.9,1.38,2.49,0.46,0.39,2.11,236.4
466.2,29.6,22.6,87.8,21.4,2.28,3.55,2.17,0.44,2.1,450.1
2197.5,14.5,3.8,64.9,22.7,1.45,1.49,0.23,0.48,3.02,186.2
2099.9,24.3,8.4,80.1,41.5,1.5,2.21,0.45,0.59,2.17,211.0
1930.8,22.2,1.3,65.3,38.8,1.53,2.1,0.34,0.85,2.9,155.4
1049.5,8.0,6.3,93.2,24.4,2.67,1.73,0.37,0.57,2.1,225.4
1494.5,9.2,29.3,118.6,47.7,2.39,1.93,0.55,0.8,1.86,311.9
2064.5,38.5,43.3,102.1,39.1,2.98,4.01,3.26,0.33,2.0,652.9
1790.9,14.6,5.0,57.1,36.5,2.66,2.35,0.13,0.43,3.53,236.2
3165.8,12.8,12.5,37.3,21.6,1.57,1.84,0.73,0.5,2.84,164.2
782.0,25.2,12.7,55.8,35.2,2.07,2.34,0.78,0.38,4.11,282.2
2346.4,35.7,41.4,139.2,51.8,3.39,3.69,2.93,0.83,3.63,641.0
1532.1,7.5,28.8,114.2,37.8,3.65,2.48,0.62,0.66,2.45,369.0
1599.0,28.1,14.4,54.2,29.9,1.7,2.91,2.19,0.49,1.62,289.0
2409.3,9.8,22.2,68.1,27.1,1.98,1.54,0.52,0.68,3.09,218.1
2338.8,6.5,37.6,139.4,58.3,3.74,2.47,2.02,0.48,3.27,478.8
3175.5,7.1,0.2,51.2,28.3,1.7,1.97,0.03,0.16,2.38,147.4
759.5,38.4,10.3,79.1,26.9,2.3,3.42,1.12,0.53,1.58,371.4
691.5,9.7,47.6,208.8,51.9,4.23,2.44,1.01,0.59,2.69,647.8
2428.1,6.8,27.0,90.4,37.3,2.31,2.27,1.0,0.84,1.66,261.5
2019.5,22.5,15.7,60.0,36.8,2.16,2.86,1.21,0.18,4.0,380.7
1167.6,38.8,15.1,46.4,17.7,2.01,3.63,1.62,0.51,2.94,390.0
622.4,15.5,8.5,96.3,52.1,2.25,1.93,0.26,0.22,1.79,250.8
639.8,21.9,14.7,106.0,41.6,2.4,3.13,1.23,0.25,1.53,392.3
2903.7,6.6,21.3,82.4,38.6,2.04,1.63,0.33,0.58,3.24,255.9
937.2,23.0,10.8,57.6,29.6,1.37,2.21,0.43,0.31,3.21,219.3
1305.4,28.1,25.0,133.7,44.2,2.65,3.0,1.27,0.67,2.83,447.3
1034.6,27.8,39.5,186.4,52.4,4.43,4.2,2.09,0.51,2.89,784.7
1394.0,18.3,3.4,75.7,41.8,2.53,2.59,0.64,0.3,2.85,283.4
594.4,17.6,12.0,52.6,29.4,2.19,2.56,0.45,0.5,2.02,271.4
1853.4,9.3,10.5,54.7,36.0,0.9,1.46,0.21,0.15,3.99,137.3
589.3,19.7,23.3,135.7,41.0,3.1,2.93,1.18,0.75,2.43,374.9
2641.0,9.0,5.8,69.7,34.1,1.62,1.52,1.74,0.16,0.87,271.7
1054.4,35.7,20.4,107.7,33.0,2.89,4.11,1.58,0.15,1.98,546.1
1912.0,43.7,42.0,135.3,54.1,3.74,4.08,3.52,0.58,1.24,757.7
2864.2,43.8,10.8,68.8,25.7,2.38,3.94,1.12,0.83,2.04,347.2
2222.5,39.6,48.4,206.7,54.6,5.02,4.91,3.8,0.75,2.87,926.9
1892.3,29.0,99.7,250.1,62.5,5.6,4.84,5.5,0.33,0.88,1200.0
1308.1,33.0,2.2,38.6,24.1,1.21,3.12,0.44,0.29,3.76,241.7
1332.4,16.4,5.3,88.9,41.8,2.37,2.43,0.36,0.59,2.88,250.2
2274.6,30.2,60.1,144.1,43.4,3.9,3.97,3.81,0.73,1.8,781.2
3183.6,23.2,63.6,211.5,69.2,4.52,4.21,3.86,0.4,1.86,953.7
2253.1,24.3,2.1,64.2,25.0,1.36,2.38,0.14,0.45,2.38,211.5
1961.8,35.3,0.3,80.9,35.9,2.24,3.08,0.36,0.23,1.64,323.8
2445.8,16.3,3.5,48.5,22.5,1.18,1.82,0.72,0.26,0.81,152.0
1702.6,17.7,110.5,301.5,77.6,6.21,3.93,3.57,0.55,0.89,1200.0
568.4,42.0,4.0,78.4,34.0,2.05,3.69,0.49,0.22,2.02,347.6
1974.4,7.2,14.0,104.7,37.6,2.41,2.29,0.59,0.29,1.22,274.0
3081.4,24.4,37.7,190.2,63.7,4.02,3.58,1.66,0.31,0.88,725.2
890.8,41.5,0.4,40.7,22.1,1.33,2.85,0.2,0.46,3.72,250.2
2332.0,29.4,18.6,91.8,41.2,2.58,3.46,2.85,0.18,1.73,517.6
962.6,26.9,6.5,65.3,25.6,1.73,2.25,0.7,0.5,2.51,225.0
1900.3,15.0,39.7,208.8,58.5,4.47,2.95,1.82,0.8,1.41,710.4
670.7,18.7,6.7,90.9,26.8,2.24,2.48,0.87,0.17,0.96,343.9
1661.0,39.1,23.2,73.2,27.9,2.39,3.67,1.93,0.59,3.33,443.2
2517.3,27.4,22.4,100.9,37.5,3.07,3.43,1.76,0.74,1.22,447.4
1373.2,25.6,5.0,51.2,43.7,2.15,2.81,0.35,0.37,0.89,265.6
2261.8,9.0,0.7,79.9,35.2,2.72,2.69,0.42,0.24,2.8,259.0
2627.3,5.6,10.5,76.8,47.1,2.51,2.0,0.46,0.18,0.85,311.5
2996.1,43.5,6.8,49.2,30.6,1.91,3.87,0.89,0.6,2.28,316.7
1057.0,20.1,33.1,86.1,32.4,2.31,2.82,1.18,0.54,1.78,363.2
1518.1,29.1,32.2,147.2,58.8,3.54,3.3,1.69,0.31,1.89,645.8
826.8,8.2,12.2,46.8,31.9,1.38,1.56,0.3,0.73,0.81,104.2
3179.0,32.3,18.7,104.4,33.7,2.75,3.96,1.37,0.66,4.08,462.2
2995.6,42.3,18.5,121.7,45.7,3.42,4.1,2.75,0.34,2.56,643.4
1911.9,28.0,35.1,138.6,42.6,3.16,3.23,2.87,0.68,2.75,584.0
2757.7,10.0,11.1,75.2,17.6,2.13,2.08,0.29,0.32,3.06,216.5
1858.7,28.3,6.4,91.2,43.9,2.17,2.85,0.45,0.62,3.51,293.1
2146.0,35.7,6.2,39.6,35.9,1.75,2.95,0.38,0.23,2.87,258.3
649.5,21.3,15.4,63.7,46.2,1.87,2.36,0.75,0.63,3.39,254.6
2514.8,40.2,11.9,110.1,43.2,2.54,4.09,1.52,0.32,2.33,499.8
757.6,30.9,11.6,87.1,33.7,2.14,3.05,1.59,0.55,2.06,404.0
2713.0,41.0,1.9,70.0,39.3,2.28,3.32,0.24,0.27,3.6,319.8
2589.7,29.9,25.4,70.9,39.6,2.29,2.73,1.39,0.66,3.74,369.1
2384.5,10.3,4.8,26.5,37.9,1.24,2.2,0.18,0.19,1.27,127.8
501.2,17.4,4.4,18.1,22.9,1.39,2.01,0.3,0.27,2.65,161.6
1248.8,13.1,10.6,50.8,27.8,1.63,2.07,0.89,0.28,3.12,191.0
1136.7,41.4,5.2,73.6,27.5,2.61,3.62,0.77,0.18,1.08,394.1
1408.4,35.4,17.5,74.6,37.7,1.94,3.3,1.65,0.67,3.96,334.1
645.4,32.1,9.3,85.8,23.1,2.27,3.57,0.85,0.84,2.57,292.3
3023.5,17.0,11.9,51.3,35.4,1.27,1.84,0.46,0.69,2.99,147.6
1950.6,12.4,15.4,62.7,36.0,1.86,2.15,0.42,0.75,1.41,229.4
1255.5,35.3,4.6,87.5,40.4,1.7,2.75,0.27,0.15,1.7,327.1
1511.5,24.0,3.4,31.7,26.8,1.79,3.09,0.74,0.23,1.21,250.4
1652.2,14.0,42.5,120.8,54.0,3.4,2.88,1.74,0.54,1.7,553.8
2081.7,29.7,11.4,55.3,36.9,2.25,2.97,1.15,0.83,2.47,300.6
1843.9,6.6,10.6,43.7,23.0,1.68,1.59,0.15,0.61,3.63,134.6
2974.3,18.0,0.7,43.7,23.2,1.31,1.94,0.6,0.41,2.61,152.4
1791.5,23.7,13.8,63.6,24.4,1.71,2.41,0.56,0.25,1.63,269.4
3178.0,10.9,16.2,95.6,41.6,3.11,1.91,0.34,0.26,0.95,318.7
2784.0,44.4,16.4,112.9,32.3,3.48,4.33,1.44,0.4,2.91,559.8
983.8,13.4,24.6,125.9,51.3,3.09,2.6,0.81,0.65,2.23,391.7
3005.7,10.2,3.9,19.5,34.1,1.1,1.7,0.74,0.17,4.15,145.2
725.8,13.1,5.8,67.4,25.1,2.57,2.26,0.58,0.75,3.45,224.3
2688.9,35.8,33.3,89.6,34.6,2.43,3.27,2.05,0.81,3.55,454.9
1465.7,22.0,58.8,193.6,55.0,4.63,3.76,2.26,0.77,0.84,770.5
2858.3,27.6,2.9,66.0,39.0,2.56,2.7,0.27,0.79,3.44,264.8
2830.6,5.8,13.8,45.5,41.1,1.38,1.52,0.19,0.16,1.46,153.6
2656.6,6.4,4.8,83.2,21.5,2.59,1.59,0.19,0.83,2.79,183.9
2612.1,22.8,1.2,77.0,31.3,2.37,3.06,0.57,0.41,2.32,249.7
1253.1,37.7,7.9,89.3,33.9,2.41,3.72,0.6,0.76,2.74,356.6
626.6,40.4,3.1,33.7,14.9,1.12,2.87,0.93,0.28,1.25,283.7
1528.3,8.5,24.8,119.0,37.5,2.57,2.32,0.6,0.46,2.35,356.1
885.9,26.5,15.3,113.7,43.9,2.98,3.27,0.83,0.18,0.93,453.3
2345.9,41.5,3.1,35.2,24.1,0.99,2.84,0.43,0.18,0.94,277.1
1369.1,20.5,0.2,66.9,19.7,2.06,2.02,0.5,0.81,3.04,160.3
3131.7,38.2,33.0,115.1,63.7,3.66,4.21,2.39,0.72,4.04,621.9
2194.7,10.3,3.9,15.9,25.0,1.64,1.63,0.07,0.52,3.44,93.1
2702.9,42.4,18.6,108.6,40.4,2.35,4.03,2.34,0.52,2.4,528.1
771.1,35.1,8.2,77.9,25.2,2.76,3.57,0.51,0.67,0.99,314.7
2813.6,42.7,17.6,117.3,43.2,3.73,4.21,2.37,0.39,0.95,608.3
2983.7,32.1,7.6,97.5,36.2,2.7,3.84,0.42,0.68,1.34,398.7
1763.8,19.5,1.8,19.0,10.0,0.87,2.09,0.65,0.49,4.12,75.7
2097.5,42.5,5.0,35.9,17.9,1.44,2.44,0.66,0.6,2.16,262.3
2541.5,16.0,4.2,83.4,41.4,2.26,2.27,0.39,0.83,3.67,194.9
889.5,18.3,11.2,49.7,44.5,1.93,2.01,0.37,0.48,3.2,223.0
1807.2,33.0,21.5,103.3,41.5,2.82,3.3,1.29,0.44,2.86,497.3
1516.3,35.6,6.1,65.6,40.6,2.18,3.3,0.96,0.78,4.02,310.7
809.8,42.2,0.2,11.9,20.9,1.14,3.29,0.9,0.78,1.58,230.9
1429.1,13.2,14.6,60.5,30.2,2.07,2.23,0.62,0.84,2.35,193.4
590.9,36.9,18.6,91.8,45.2,2.47,3.8,1.32,0.54,3.74,429.2
472.3,34.5,65.9,277.7,83.3,6.71,5.48,3.82,0.39,2.68,1200.0
778.5,7.6,17.8,95.0,47.5,2.25,2.11,0.68,0.32,1.64,280.7
3096.7,20.5,12.7,80.9,26.0,3.04,3.02,0.57,0.17,1.51,402.1
1938.7,16.3,17.0,92.6,36.1,3.06,3.09,0.49,0.66,3.36,374.0
3104.3,17.2,52.6,150.3,49.3,3.87,3.1,1.94,0.31,0.84,686.1
1611.0,44.3,35.2,124.9,40.4,3.96,4.5,2.87,0.57,3.91,687.5
1273.1,30.7,7.8,51.5,32.4,2.16,2.61,0.4,0.79,0.86,237.6
1817.2,33.7,5.4,23.9,30.9,1.48,3.19,0.35,0.82,2.95,197.0
1630.6,44.1,6.1,32.5,33.9,0.97,3.19,0.93,0.15,2.86,293.3
695.9,20.1,14.0,63.0,44.8,1.95,3.19,0.5,0.37,2.77,285.5
2194.3,37.1,27.3,127.1,40.2,3.13,3.74,2.49,0.74,2.41,572.2
1004.9,22.4,14.0,47.3,17.6,1.31,2.3,0.67,0.53,3.7,207.2
2134.8,39.8,1.4,52.5,32.3,1.21,3.25,0.13,0.72,3.04,210.2
2220.6,12.2,25.7,102.7,53.6,2.89,2.21,1.09,0.75,3.46,329.2
825.7,42.9,32.8,104.3,35.0,3.13,4.22,2.64,0.46,1.19,610.5
571.8,13.8,6.8,94.0,42.4,1.98,2.16,0.3,0.4,0.97,208.2
2586.1,18.0,21.8,88.5,41.5,2.17,2.38,0.86,0.47,0.9,328.2
1687.4,35.2,11.1,107.7,40.9,3.22,4.08,0.66,0.61,1.3,446.9
562.9,20.8,44.0,131.7,43.8,2.98,2.73,1.96,0.41,3.07,530.6
3185.6,29.3,37.3,166.4,42.6,3.98,3.9,2.01,0.69,2.48,704.6
561.8,22.8,14.9,45.8,10.0,1.64,2.82,1.07,0.78,3.36,230.4
2346.1,34.7,23.5,131.5,34.8,3.43,3.68,1.76,0.35,1.45,591.1
3154.3,14.1,43.0,116.9,37.9,2.62,2.38,1.43,0.83,2.05,401.5
1069.7,7.3,13.7,92.7,45.5,2.47,2.64,0.8,0.59,3.82,266.7
798.3,17.0,7.5,49.6,28.1,1.84,2.37,0.61,0.76,3.98,190.9
739.9,24.0,28.0,64.3,27.4,2.22,2.65,1.34,0.22,3.93,385.8
1249.2,11.7,5.0,73.2,26.0,2.14,2.33,0.29,0.33,3.58,228.5
682.9,19.2,9.8,36.2,31.8,1.73,2.17,0.37,0.37,3.14,223.9
2338.1,21.0,40.2,200.0,66.9,5.38,3.65,2.01,0.36,3.91,831.2
574.4,7.3,25.8,76.5,42.3,3.24,2.74,0.89,0.27,3.23,360.8
1826.4,28.3,10.3,65.5,36.6,1.82,2.54,0.6,0.76,4.04,215.7
3190.8,40.4,4.8,68.6,20.5,1.14,3.72,1.12,0.44,0.88,343.2
2679.1,11.1,8.8,58.6,27.7,2.14,1.97,0.52,0.82,3.93,194.5
2122.6,28.9,6.7,36.4,42.1,1.69,3.32,0.58,0.56,2.69,253.2
1257.5,31.6,3.9,73.0,42.1,2.56,2.97,0.21,0.25,1.18,327.5
2146.9,21.8,27.2,158.0,36.1,3.67,3.57,1.18,0.53,1.53,527.7
1875.7,33.0,5.8,85.8,35.0,2.37,3.42,0.73,0.85,3.7,307.5
1593.0,21.4,12.1,59.4,33.6,2.42,2.94,0.47,0.55,2.52,282.4
766.0,25.2,9.8,68.4,26.2,2.59,3.24,0.66,0.15,4.14,338.7
2882.5,5.3,80.4,309.5,57.2,5.3,3.1,2.72,0.8,1.2,940.7
1659.4,32.7,9.9,55.2,30.7,1.59,2.6,1.04,0.31,2.2,265.4
944.9,31.5,1.7,66.9,25.7,1.97,3.02,0.4,0.63,1.93,270.4
1429.7,6.5,1.9,34.9,20.0,1.57,1.66,0.33,0.51,2.55,77.0
1559.6,19.7,17.9,99.4,35.1,2.51,2.57,0.61,0.38,2.95,361.0
2717.1,44.2,18.3,71.4,31.8,2.47,3.97,2.61,0.35,3.05,500.5
2454.1,21.8,10.9,79.0,34.1,2.65,2.94,1.45,0.8,0.8,340.0
2554.1,25.1,11.3,110.6,32.8,3.43,3.15,0.93,0.79,1.1,419.5
430.9,41.4,1.1,58.8,28.8,2.12,3.7,0.12,0.51,0.92,295.1
1565.2,33.7,14.5,68.8,18.3,1.77,2.99,0.91,0.33,3.74,344.5
1747.8,28.3,14.1,91.4,38.9,2.45,2.92,0.74,0.22,1.87,385.9
453.7,36.9,3.2,59.1,10.0,1.87,3.46,0.49,0.26,2.05,301.1
1127.5,39.6,2.2,13.9,20.2,1.43,3.0,0.24,0.52,2.33,230.5
2528.8,23.3,2.6,17.9,30.6,1.44,2.27,0.58,0.37,3.69,169.5
783.9,24.0,2.1,15.2,14.3,2.05,2.72,0.4,0.18,0.85,228.3
1898.9,20.4,18.8,94.5,42.7,2.38,3.01,0.65,0.47,1.2,317.0
1002.6,43.7,4.4,80.6,43.8,2.44,3.9,0.86,0.67,3.13,377.4
433.9,32.9,5.8,46.5,10.0,2.66,3.55,0.4,0.77,4.08,279.5
1075.4,8.3,3.8,44.1,26.7,1.44,1.56,0.75,0.56,2.99,116.5
3132.4,39.5,63.3,273.0,46.1,6.18,5.31,4.35,0.66,1.69,1198.4
2644.3,24.2,38.6,176.3,50.8,3.69,3.43,1.72,0.4,2.57,644.9
3086.8,7.8,5.2,67.1,32.0,2.05,1.96,0.07,0.5,4.11,128.1
1766.0,27.0,7.9,46.9,10.0,1.41,2.48,2.12,0.66,2.6,279.7
707.3,21.7,4.7,26.5,40.2,1.85,2.83,0.55,0.66,2.07,187.0
1934.3,40.1,13.5,49.5,31.2,1.95,3.37,1.12,0.45,2.1,343.4
1672.3,13.2,0.4,14.4,15.8,0.84,1.19,0.05,0.53,4.09,18.2
2764.2,38.1,22.3,82.6,46.6,2.93,4.48,1.89,0.8,3.24,491.1
674.6,27.3,14.8,92.3,22.2,2.54,3.0,0.81,0.59,3.14,346.4
1767.1,7.2,45.8,100.0,28.2,2.96,2.6,2.33,0.6,1.59,495.7
820.1,43.9,3.6,26.4,10.0,0.95,3.55,1.47,0.7,2.7,266.1
1309.1,25.5,32.6,97.9,52.0,3.0,3.44,1.92,0.23,2.01,564.7
2464.6,16.6,31.4,111.0,42.6,3.17,2.78,2.29,0.52,1.62,498.9
1732.9,23.8,2.7,57.8,35.7,1.72,2.61,0.15,0.82,3.84,198.0
1452.5,39.3,10.2,75.2,35.9,1.75,3.01,0.8,0.4,2.1,349.0
1504.5,17.2,3.7,31.3,30.2,1.47,2.59,0.22,0.36,1.76,158.3
1686.5,12.7,5.9,52.7,30.1,2.3,2.03,0.15,0.57,3.97,193.4
2598.0,10.2,6.1,24.1,26.5,1.83,1.84,1.54,0.3,1.47,184.9
2897.8,16.9,16.2,76.9,34.7,2.07,2.38,0.48,0.54,3.33,310.0
3074.9,36.2,10.6,104.2,33.9,2.16,3.33,1.42,0.26,3.02,424.3
2603.3,23.9,59.0,217.8,58.8,4.83,3.78,2.93,0.56,3.93,887.8
1283.1,14.1,2.7,60.2,33.0,1.73,2.41,0.25,0.57,3.63,177.8
2326.8,11.6,72.8,296.4,74.2,6.18,4.18,1.42,0.44,3.2,1045.2
1625.3,18.3,5.2,68.0,20.4,2.0,2.47,0.16,0.42,1.87,255.7
1113.1,42.6,29.6,94.7,26.3,2.41,3.69,2.2,0.32,2.48,516.5
2754.4,18.7,8.3,100.1,46.7,3.01,3.13,0.53,0.38,4.01,338.4
507.6,44.5,3.1,20.5,21.2,1.39,3.31,0.47,0.5,0.88,243.3
2924.9,24.4,39.0,192.1,59.3,4.56,4.24,1.94,0.32,3.5,746.3
1692.1,12.2,7.4,39.9,18.5,0.92,1.63,0.74,0.7,1.66,145.9
2184.2,40.6,21.5,88.4,24.1,1.54,3.61,1.65,0.65,1.43,392.4
2246.2,23.4,16.7,91.8,29.8,1.91,2.57,0.72,0.34,1.59,259.6
2906.3,33.4,12.8,77.3,32.1,2.09,3.2,1.35,0.22,1.0,398.2
2182.7,44.3,13.7,66.2,26.6,2.37,4.16,1.17,0.15,4.17,465.0
2119.0,7.0,26.4,90.6,46.7,1.5,2.15,0.44,0.57,3.76,224.8
586.6,8.9,1.8,34.2,27.6,2.15,2.38,0.61,0.3,2.57,159.8
1851.5,33.8,22.1,117.1,55.9,3.2,3.92,2.33,0.16,3.23,590.2
820.5,16.3,45.2,179.2,55.5,4.59,3.6,2.21,0.4,2.69,735.5
2464.8,12.4,1.2,42.4,10.0,1.28,1.64,0.08,0.82,3.56,53.3
1834.2,6.6,3.0,30.5,33.9,1.67,1.73,0.31,0.63,3.67,72.8
2304.6,5.9,25.2,131.4,31.6,3.05,2.01,0.29,0.75,1.59,336.4
516.7,36.0,11.5,42.5,29.5,2.07,3.4,1.99,0.25,2.36,408.4
637.4,10.4,10.3,55.0,23.7,1.75,1.99,0.28,0.2,2.96,216.1
2405.7,23.7,2.9,40.2,44.4,1.82,2.09,0.2,0.16,4.13,187.9
601.8,29.2,14.1,110.9,51.5,3.29,3.53,1.57,0.82,3.12,465.2
599.5,22.1,2.7,20.2,17.7,1.05,2.26,1.47,0.36,3.85,211.1
433.9,6.1,12.9,45.9,27.2,1.8,1.67,0.61,0.47,3.68,201.2
3078.2,36.3,28.8,140.3,47.2,2.79,3.74,1.8,0.43,2.78,540.7
2465.0,5.4,6.0,42.5,34.6,1.93,1.38,0.32,0.66,3.84,115.0
1389.1,35.5,13.1,78.9,34.4,3.11,3.55,1.45,0.37,2.08,478.9
1230.3,40.7,96.6,315.5,68.6,7.63,6.31,5.5,0.52,2.09,1200.0
1379.2,22.3,23.2,115.3,35.0,2.85,2.98,0.92,0.85,3.46,401.2
2569.0,26.4,36.8,96.8,37.4,3.13,3.39,1.7,0.46,1.26,523.0
2251.8,24.1,10.7,44.1,37.8,1.76,2.43,1.23,0.54,1.84,238.5
918.5,20.6,29.2,166.8,53.4,3.85,3.34,1.3,0.5,2.87,568.3
887.5,40.5,0.8,73.2,27.0,1.95,2.9,0.55,0.71,2.23,307.1
675.5,40.8,2.6,30.5,30.7,1.32,3.42,0.36,0.34,4.0,234.3
2248.8,18.4,4.5,26.4,21.7,1.38,2.57,0.44,0.27,4.06,157.9
2540.2,29.6,10.3,39.4,34.2,1.7,2.55,2.02,0.68,2.51,291.1
1142.1,42.1,37.4,140.2,65.5,3.55,4.04,2.78,0.44,2.63,701.4
458.6,43.5,8.5,78.5,31.3,2.25,3.87,1.07,0.79,3.26,337.0
630.1,25.4,21.3,96.0,43.7,3.28,3.69,0.97,0.6,2.35,436.8
3110.0,23.1,24.7,109.5,33.7,2.65,2.92,1.0,0.55,1.45,392.3
1227.2,16.1,17.6,102.8,37.6,2.14,2.04,1.09,0.2,3.34,334.1
2553.8,43.4,8.8,93.9,37.1,2.47,3.8,1.38,0.66,3.31,471.6
2149.1,10.7,17.2,41.1,25.8,1.37,1.47,0.75,0.63,1.63,154.1
1469.4,28.2,8.4,48.3,48.4,1.29,2.4,0.46,0.6,3.63,189.1
975.9,16.3,1.8,14.6,20.2,1.28,1.89,0.16,0.34,2.89,163.7
739.9,16.2,98.7,400.0,96.7,8.09,4.79,3.63,0.81,1.6,1200.0
2122.0,21.2,2.7,70.0,17.2,1.81,2.25,0.23,0.38,3.02,240.0
2569.0,45.0,1.5,52.3,32.9,1.87,3.68,0.8,0.26,1.59,323.5
2202.9,7.2,42.2,101.6,47.4,2.04,1.91,0.64,0.84,1.7,321.1
1884.8,28.1,7.2,48.1,24.4,1.07,2.11,1.46,0.67,3.68,237.0
517.5,8.3,21.0,93.1,16.7,2.69,2.3,1.27,0.44,3.96,346.3
3111.8,11.2,8.0,62.9,31.0,1.2,1.58,0.17,0.81,1.67,72.8
2636.4,22.6,9.9,57.6,30.5,1.53,2.57,0.96,0.21,3.96,275.0
1219.9,25.4,6.1,23.4,30.0,0.67,2.34,0.33,0.21,1.61,215.5
3143.9,15.4,8.4,83.7,51.2,2.12,2.16,0.31,0.63,1.2,231.7
2085.3,17.7,10.6,64.2,28.5,2.18,2.59,0.56,0.27,1.0,272.7
2030.8,8.5,25.5,123.0,35.3,2.96,2.12,0.7,0.79,1.62,338.1
2494.6,17.1,14.3,63.7,22.1,2.96,3.09,0.57,0.74,2.11,300.7
2673.0,43.7,57.5,202.2,58.0,5.76,5.15,4.53,0.36,3.95,1114.1
2238.1,42.8,0.9,49.1,32.7,1.37,3.42,0.14,0.77,1.62,222.0
758.7,18.4,14.0,102.3,34.0,2.13,2.41,0.44,0.18,2.04,358.3
1347.1,27.8,17.6,88.7,42.2,3.6,3.33,1.15,0.53,3.3,499.0
2998.6,41.4,50.6,234.8,66.0,6.17,5.65,3.78,0.8,1.83,1100.6
1028.9,5.2,1.0,74.0,33.7,2.35,1.74,0.48,0.75,3.13,186.3
1442.1,37.4,17.0,98.0,30.4,2.67,3.22,1.48,0.4,2.27,478.7
1609.8,42.9,38.4,165.4,45.9,4.26,3.92,3.66,0.28,1.47,854.3
1630.3,8.7,5.5,42.4,10.0,1.05,1.26,0.33,0.3,3.3,128.6
2116.2,11.5,41.8,154.7,49.7,3.59,3.11,0.8,0.51,0.89,512.6
3040.6,43.4,0.4,9.4,21.9,1.17,3.59,0.43,0.57,1.79,203.6
1073.9,26.5,26.4,133.1,45.5,2.92,3.03,1.61,0.17,2.01,548.1
740.2,5.6,54.1,170.9,54.8,3.49,2.33,0.8,0.44,2.36,521.1
952.9,15.3,21.4,130.3,46.5,3.7,2.89,1.01,0.73,3.11,430.5
2883.4,23.0,11.6,38.3,26.0,1.59,2.11,0.6,0.46,2.36,224.8
2208.3,32.7,0.9,40.3,27.6,2.44,3.07,0.11,0.27,2.82,272.1
1200.5,34.3,50.5,165.6,38.6,3.38,4.06,3.33,0.82,2.83,729.6
2684.7,44.8,12.7,96.0,32.6,2.4,4.02,1.06,0.34,2.07,439.2
2811.8,16.5,0.6,18.2,23.7,0.66,1.76,0.26,0.71,3.98,67.0
2770.2,26.5,23.4,128.0,37.1,2.64,2.76,1.31,0.29,4.05,476.1
2973.0,26.3,13.1,58.0,37.3,1.65,2.66,0.84,0.45,2.78,266.8
1106.3,21.2,2.7,32.6,20.6,1.63,1.79,0.46,0.49,1.04,162.7
2514.1,11.8,4.8,84.1,36.9,2.39,2.45,0.11,0.5,2.47,216.5
1689.5,44.1,1.3,43.5,28.8,1.4,3.47,1.93,0.51,1.43,319.3
2757.6,39.1,17.1,41.8,33.5,0.93,2.62,1.62,0.31,2.44,304.3
2439.8,24.9,19.5,92.5,43.8,3.17,3.65,1.03,0.51,1.44,435.3
2574.1,29.1,14.1,55.3,35.5,1.84,2.41,0.77,0.49,3.19,301.2
2237.3,14.1,34.0,159.5,31.9,3.08,2.8,0.83,0.3,1.07,475.9
896.8,26.8,39.5,162.6,58.8,4.1,3.9,2.21,0.84,4.04,653.8
1926.1,32.8,19.1,60.3,43.1,2.23,2.91,1.2,0.76,1.46,348.1
3157.1,25.6,0.3,48.0,24.8,1.59,2.56,0.12,0.77,3.05,117.1
3024.7,44.6,23.8,59.7,32.6,2.26,3.41,1.96,0.63,3.92,477.6
520.9,29.5,10.8,99.8,30.8,2.12,2.29,0.89,0.26,1.64,381.7
861.5,19.8,16.7,114.5,25.0,3.09,2.69,1.0,0.55,3.98,373.8
768.8,35.9,20.9,118.3,35.4,2.61,3.39,1.67,0.73,2.12,416.6
2432.7,11.8,8.6,58.5,26.2,1.66,2.07,0.97,0.18,4.07,235.6
2689.8,20.4,49.8,123.3,39.4,3.46,3.17,1.79,0.5,4.1,564.5
997.8,18.9,2.9,14.7,15.0,1.71,2.31,0.5,0.43,1.44,186.3
1816.4,22.3,22.3,107.9,33.6,3.4,2.97,0.87,0.3,3.63,483.1
2754.0,36.3,0.1,45.3,28.1,2.1,3.2,0.32,0.41,1.46,279.1
2451.8,24.4,51.7,212.7,52.1,4.64,3.65,2.45,0.84,1.57,782.5
1918.3,36.8,2.4,80.4,38.8,1.62,2.84,0.24,0.66,1.09,290.4
2053.0,28.1,2.0,21.4,29.3,1.9,2.68,0.29,0.36,1.33,232.9
1823.4,18.7,8.1,30.1,44.5,2.06,2.45,0.95,0.57,2.95,232.7
1233.1,37.4,9.4,35.7,35.4,1.38,2.92,0.65,0.32,2.33,302.0
1982.1,14.5,4.8,37.8,28.8,1.95,2.1,0.34,0.58,3.49,144.4
2328.9,14.0,17.6,48.5,23.8,1.65,2.19,1.49,0.78,1.93,247.8
2845.3,25.2,11.7,75.2,35.9,2.82,2.98,0.77,0.54,4.09,345.3
2181.6,15.4,0.7,30.4,28.1,1.25,1.58,0.53,0.66,0.97,110.6
2531.1,5.4,7.7,38.8,22.9,2.38,2.06,0.77,0.47,1.01,191.4
848.2,30.9,33.3,146.9,52.7,4.0,3.99,1.81,0.52,3.18,615.3
1692.4,25.4,23.4,70.6,21.5,2.89,3.23,1.09,0.64,3.82,414.8
426.1,22.8,25.8,136.2,42.6,3.08,3.26,1.55,0.72,3.5,438.7
1090.7,43.7,24.0,92.7,41.1,2.93,4.19,2.3,0.61,2.47,521.6
2434.1,27.8,7.4,68.9,30.1,1.7,2.74,0.37,0.83,1.72,212.3
3177.1,39.5,2.1,79.8,32.7,2.56,4.3,0.29,0.72,0.85,299.4
677.7,10.6,6.4,26.6,23.7,1.77,1.58,0.32,0.69,2.53,89.8
1524.2,27.8,35.7,163.7,42.8,4.79,3.97,2.36,0.74,2.42,744.0
2640.2,39.7,78.7,299.6,83.3,8.0,6.4,5.43,0.35,1.97,1200.0
971.3,28.3,13.6,93.8,28.7,2.79,3.28,1.68,0.45,2.77,426.3
1954.2,33.7,0.2,26.4,27.3,1.21,2.99,2.29,0.55,3.28,243.8
2452.6,19.9,3.0,42.1,30.9,1.86,2.45,0.71,0.47,3.18,210.6
2124.8,8.7,7.8,77.9,26.4,2.03,2.27,0.55,0.74,1.7,183.0
926.5,23.3,17.3,107.5,39.9,2.8,2.75,0.87,0.17,2.79,392.4
1395.1,20.8,1.6,12.3,14.9,1.26,2.52,0.08,0.3,1.31,141.6
2594.6,39.7,57.4,136.2,55.6,4.03,4.67,4.14,0.77,1.21,796.0
1951.8,14.8,9.1,57.2,21.2,1.91,1.87,0.4,0.19,3.47,251.5
414.6,43.7,48.7,153.9,42.5,3.96,4.7,3.72,0.31,3.16,841.5
2530.8,43.3,30.3,100.7,28.3,2.69,3.94,2.66,0.4,3.41,634.5
498.9,14.9,28.2,85.2,24.5,2.8,2.43,0.95,0.68,1.32,375.0
2488.1,18.9,18.7,85.0,48.0,2.5,2.17,1.15,0.54,3.91,333.1
966.9,40.8,19.7,52.7,33.8,2.17,3.34,1.54,0.82,1.25,379.5
3082.6,43.7,20.3,113.1,41.5,2.44,4.03,1.54,0.31,3.76,470.7
1430.2,22.7,19.8,58.8,25.3,2.15,2.88,1.0,0.76,2.0,312.2
1315.4,17.8,16.1,76.0,40.9,2.46,2.52,1.69,0.35,1.16,343.2
816.9,26.0,86.0,321.3,71.2,7.08,5.27,4.38,0.32,1.78,1200.0
1255.7,32.5,26.4,151.8,53.7,4.52,4.47,1.52,0.5,1.42,675.8
2854.6,15.9,30.0,160.6,41.9,2.67,2.61,1.0,0.2,2.47,465.8
3189.7,34.5,41.2,153.3,42.4,4.15,3.98,3.42,0.42,4.03,776.7
1431.3,7.1,4.9,29.6,31.4,1.74,1.82,0.11,0.4,1.91,125.2
1656.1,7.0,1.8,71.3,39.7,2.29,2.08,0.14,0.26,2.88,204.1
2421.8,20.5,13.2,61.6,35.9,2.08,2.7,0.57,0.75,3.83,243.6
2881.3,19.1,14.4,53.4,21.2,2.07,2.68,0.8,0.42,2.94,242.4
2060.5,17.6,35.3,146.2,42.7,3.78,2.82,1.25,0.84,2.03,570.4
1496.3,24.6,11.7,103.4,39.9,2.36,2.74,0.52,0.78,4.17,310.7
1555.3,17.8,16.9,104.4,32.0,2.77,2.24,0.9,0.29,1.44,391.0
2347.7,12.7,15.0,123.6,53.2,2.87,2.69,0.36,0.5,2.58,340.8
409.0,17.4,0.8,76.6,14.6,1.71,2.16,0.4,0.57,3.51,172.4
2134.9,44.0,19.1,62.1,25.0,2.41,3.96,1.68,0.72,0.8,427.4
1395.4,21.4,35.2,128.1,39.0,2.96,2.61,1.53,0.77,3.19,472.0
2623.8,22.8,3.4,16.2,10.0,0.65,2.36,0.16,0.59,1.71,137.6
660.4,28.1,18.0,129.0,32.0,2.86,2.97,1.25,0.17,1.38,532.0
2047.0,44.3,18.0,63.1,36.4,1.88,3.83,1.56,0.49,1.73,439.6
1746.7,14.7,3.6,79.7,34.6,2.62,2.52,0.3,0.77,4.09,192.8
2198.5,32.3,2.6,35.6,39.0,1.63,2.87,0.5,0.65,3.83,203.3
581.6,33.6,78.3,259.5,79.1,7.3,5.47,4.76,0.76,1.53,1200.0
2024.0,29.3,10.0,42.7,31.2,1.46,2.54,0.49,0.62,1.2,211.5
1972.2,8.5,5.2,39.2,29.6,1.95,2.2,0.13,0.18,2.04,179.6
1969.8,32.1,3.8,84.1,35.7,3.43,3.73,0.31,0.83,2.81,325.6
2089.8,7.6,22.0,67.6,10.9,2.17,1.61,0.73,0.79,3.75,235.8
2294.1,28.8,18.8,77.4,22.8,2.62,3.1,1.25,0.24,4.08,383.1
2654.0,34.6,20.6,78.0,34.8,2.67,3.54,1.76,0.23,3.35,445.9
1155.5,13.4,1.8,37.6,31.7,1.0,1.92,0.58,0.53,2.84,96.8
2710.1,38.7,44.8,123.8,44.6,3.78,4.06,3.65,0.68,1.28,725.8
1795.1,6.2,9.9,44.7,20.9,1.8,1.56,0.29,0.42,1.05,118.7
615.8,38.8,7.5,87.5,43.2,2.32,3.56,0.65,0.25,2.83,372.8
563.9,23.4,12.4,77.6,45.8,1.93,2.83,1.2,0.51,2.63,333.4
1335.9,13.7,9.9,53.7,37.2,2.13,1.88,0.33,0.39,3.68,215.6
2597.7,10.4,39.8,182.8,60.8,3.58,2.83,0.93,0.4,1.9,567.8
2381.5,43.1,53.0,131.9,39.3,4.63,4.7,3.89,0.6,0.93,851.8
2608.1,7.9,7.2,39.0,35.6,1.65,1.63,1.08,0.77,2.24,132.1
1848.4,13.0,39.9,118.2,42.4,2.48,2.84,1.07,0.54,4.1,414.6
1632.6,18.9,30.4,103.8,42.8,2.57,2.63,1.05,0.63,3.5,372.5
812.9,29.8,53.4,242.7,66.6,5.47,4.72,3.12,0.61,0.91,996.9
1318.9,26.8,5.6,58.7,29.6,2.88,3.39,0.36,0.54,3.77,279.6
1615.3,10.0,17.2,102.9,31.6,2.24,1.79,1.44,0.37,2.4,331.0
648.1,16.6,6.4,97.2,36.8,2.45,2.04,0.36,0.41,2.04,271.6
1017.7,14.6,34.8,122.4,49.9,2.85,2.79,1.28,0.37,1.98,455.9
2075.0,13.5,0.1,30.3,21.9,1.65,1.73,0.17,0.79,2.82,107.8
2459.9,21.4,16.6,82.0,41.9,2.15,2.2,1.25,0.73,2.6,309.1
3195.4,33.2,8.3,35.5,32.3,1.16,3.01,1.37,0.56,3.03,249.2
3012.7,13.7,7.8,81.8,32.3,2.18,1.99,0.8,0.79,2.75,196.2
2199.2,19.7,20.7,107.2,50.4,2.67,2.57,1.43,0.77,1.29,400.5
1579.5,20.6,38.1,140.4,42.4,3.17,3.52,1.35,0.8,1.67,477.7
2181.3,44.1,18.8,92.7,48.8,2.53,3.5,2.41,0.31,3.66,535.7
2599.8,43.2,38.4,97.4,41.0,3.54,4.01,3.15,0.65,3.06,625.6
731.3,37.0,6.1,59.5,30.6,1.83,3.13,1.19,0.58,2.32,329.2
1547.7,14.7,14.7,109.7,32.6,2.25,2.26,0.82,0.66,1.42,314.9
2751.4,7.7,12.0,89.8,35.4,2.19,1.72,0.24,0.33,0.83,198.4
1474.7,17.7,0.2,25.6,23.0,1.41,1.8,0.38,0.64,1.86,123.3
2001.2,15.7,16.3,92.5,26.6,1.91,2.6,0.46,0.44,0.99,289.1
2045.8,25.2,21.7,80.1,32.7,3.01,3.26,1.39,0.73,2.44,422.9
916.5,36.1,17.9,84.8,28.8,2.78,3.78,1.29,0.71,3.59,436.0
1414.3,39.3,26.7,95.7,41.9,3.4,4.04,1.81,0.3,1.77,566.1
1336.6,38.8,16.9,80.0,44.8,2.62,3.77,2.65,0.28,3.68,507.9
473.4,19.4,1.4,62.8,21.5,1.11,2.28,0.97,0.65,3.2,210.0
467.7,32.5,2.5,78.7,47.9,2.83,3.22,1.03,0.54,1.23,342.3
2728.8,17.5,18.2,59.0,29.6,1.62,2.25,1.15,0.54,2.99,262.7
1164.6,7.4,6.4,89.8,28.4,2.05,2.04,0.55,0.68,1.32,220.1
1850.6,33.1,1.7,47.3,34.6,1.79,3.42,0.52,0.75,3.03,211.7
1236.4,5.4,11.2,90.8,32.8,2.93,2.65,0.15,0.32,1.29,263.9
3033.9,21.4,16.2,107.9,38.8,3.16,3.08,1.5,0.54,2.13,409.3
1126.0,18.2,8.0,57.3,27.1,2.26,2.78,1.09,0.73,2.73,258.8
1603.0,32.7,25.5,129.7,36.8,3.09,2.94,1.94,0.76,0.97,481.6
2843.6,35.6,20.6,65.0,37.5,2.09,3.69,2.28,0.35,1.32,440.7
2757.4,17.2,8.1,32.7,23.6,1.66,2.0,0.55,0.22,1.89,235.8
921.1,37.5,28.1,144.6,34.5,3.44,3.94,1.99,0.31,2.37,636.8
2647.4,16.8,20.9,138.3,49.3,3.58,3.14,1.96,0.81,3.72,470.5
1682.9,22.9,20.3,116.0,31.2,3.2,3.12,1.02,0.47,1.44,456.3
1752.3,34.1,16.1,84.1,25.9,2.62,3.51,1.33,0.44,1.98,426.8
773.7,32.7,0.2,45.1,37.7,0.67,2.91,0.2,0.16,2.42,225.6
625.7,44.5,23.8,81.4,25.1,2.51,3.83,2.17,0.19,1.81,569.8
2438.2,14.0,9.4,101.8,19.8,2.51,2.13,0.73,0.62,2.93,291.4
1790.1,31.5,57.2,138.1,49.8,3.94,4.37,3.39,0.56,1.67,820.7
1623.2,29.4,34.1,135.3,41.9,3.1,3.57,1.96,0.55,3.43,572.5
2442.6,41.6,17.7,100.7,36.4,2.22,4.13,1.37,0.23,2.52,463.4
2543.4,11.3,5.8,69.0,29.9,2.24,2.36,0.52,0.4,1.09,282.0
844.9,35.1,4.6,44.3,29.8,1.56,2.7,1.22,0.72,2.93,247.1
2108.6,27.7,8.3,97.1,31.5,2.75,3.36,0.39,0.27,2.74,362.0
779.0,16.0,12.9,74.1,45.2,1.93,2.0,0.4,0.77,1.95,258.1
2503.9,24.0,7.0,88.9,24.2,2.94,3.1,0.33,0.24,0.84,354.7
2239.5,18.4,14.5,56.0,33.6,2.32,2.52,1.47,0.27,1.48,313.3
3078.5,28.2,3.6,58.5,35.7,2.03,2.49,0.6,0.48,2.18,248.2
593.1,40.6,76.1,265.8,61.8,6.6,5.37,5.5,0.81,1.48,1200.0
559.8,27.8,2.3,68.0,24.0,2.37,3.58,0.46,0.38,2.76,329.7
1190.1,30.3,53.7,246.4,72.5,5.9,4.8,2.96,0.61,3.22,992.0
1132.8,25.7,49.0,160.6,41.0,3.96,3.6,2.73,0.56,3.71,738.0
1091.5,7.0,14.9,32.3,21.0,1.92,2.24,0.25,0.25,3.0,181.8
2937.5,14.3,25.8,95.1,44.2,3.14,2.61,0.81,0.32,3.14,404.7
1098.7,24.7,11.5,40.6,27.6,1.18,2.32,0.72,0.8,2.87,217.3
1161.5,17.4,19.9,126.6,28.4,2.57,2.85,0.72,0.28,4.15,405.4
2526.3,12.3,8.3,50.6,43.1,1.49,1.76,0.36,0.64,1.69,153.1
1659.3,25.2,7.2,61.5,26.8,1.36,2.26,0.33,0.83,1.71,178.0
2574.8,17.9,17.3,68.7,29.2,2.09,1.85,0.6,0.23,1.23,308.2
583.0,15.3,13.8,73.7,35.3,2.41,2.19,0.52,0.43,2.45,314.7
1765.2,23.6,17.3,90.1,41.2,2.49,2.64,1.32,0.31,1.13,339.2
494.1,10.3,6.8,24.2,40.0,1.17,1.66,0.2,0.31,1.72,142.1
575.4,42.1,9.1,62.0,17.9,2.44,3.63,0.81,0.23,2.44,434.9
2938.0,39.7,1.8,38.0,33.4,1.65,3.84,0.14,0.6,4.06,255.6
789.9,33.3,1.1,82.1,40.7,2.38,3.05,0.39,0.67,4.08,280.8
1890.8,9.2,5.8,39.0,25.9,2.06,2.31,0.47,0.62,3.33,136.7
1551.1,36.0,1.5,49.8,35.3,1.71,3.2,0.9,0.8,2.12,295.5
1372.6,37.3,2.2,84.7,42.7,3.13,4.05,0.82,0.25,3.74,424.2
2919.5,35.7,33.5,181.0,41.5,3.98,4.34,2.13,0.37,3.78,766.4
461.1,9.6,0.8,81.5,48.7,3.03,1.86,0.07,0.39,3.89,259.6
2258.6,30.8,21.5,138.4,32.4,2.88,3.4,1.17,0.31,2.98,551.3
3097.5,38.4,6.4,53.8,20.6,2.06,3.35,1.8,0.25,1.49,375.9
1968.5,28.1,41.0,189.9,52.1,4.12,3.55,2.37,0.49,1.11,702.3
3023.1,30.9,13.3,51.8,44.7,2.39,3.31,0.7,0.73,3.91,306.5
546.3,23.3,7.3,56.2,27.7,1.69,2.93,0.34,0.82,0.99,166.7
1572.6,26.1,14.6,92.3,36.4,2.62,2.4,0.9,0.24,1.81,446.4
1128.4,6.4,9.6,69.9,44.0,1.81,1.58,0.2,0.73,2.46,155.5
2446.3,30.6,16.6,88.0,33.4,2.85,3.07,1.5,0.73,0.87,423.6
3147.6,8.3,2.4,65.3,22.3,1.72,1.78,0.37,0.42,3.88,176.7
1118.3,22.4,116.1,354.6,80.5,8.85,5.6,4.71,0.23,1.78,1200.0
2231.7,16.7,11.1,94.2,47.9,2.09,2.2,0.56,0.84,0.9,233.4
954.7,26.8,8.6,57.7,31.0,1.39,2.71,0.5,0.61,4.18,225.7
1982.9,10.3,24.8,92.9,52.2,2.89,2.8,0.78,0.84,1.86,367.1
1699.0,32.7,9.0,87.0,41.6,2.18,3.85,1.0,0.49,3.78,341.5
3121.6,36.8,35.8,119.9,36.4,3.22,3.68,2.38,0.43,2.34,601.8
2103.9,11.5,12.1,86.2,35.9,2.21,1.69,0.51,0.32,3.05,254.2
1378.6,9.2,25.4,117.0,34.2,2.3,2.21,1.12,0.84,1.62,293.4
719.5,10.8,2.3,40.3,21.9,1.58,2.23,0.11,0.33,2.51,115.1
823.5,40.1,37.4,179.0,88.1,5.37,5.2,2.82,0.17,1.68,932.4
1030.9,26.1,26.6,108.3,47.6,3.32,3.78,1.33,0.51,4.03,467.1
1102.7,23.7,4.8,43.6,34.7,1.78,2.5,0.67,0.41,1.01,253.9
2781.7,9.3,3.1,19.3,18.5,1.74,1.67,0.06,0.33,1.73,118.5
1971.4,31.0,7.6,91.4,49.0,2.05,3.08,0.84,0.59,3.84,339.1
1865.5,39.7,74.7,262.1,76.0,6.8,5.54,4.99,0.4,2.43,1200.0
721.4,38.1,5.9,82.6,49.9,2.5,3.77,0.4,0.43,2.84,369.0
2808.4,30.0,12.2,59.2,45.3,1.98,3.21,1.13,0.17,3.02,389.7
2423.9,8.0,0.6,54.2,17.9,1.71,2.01,0.42,0.56,1.04,167.6
589.5,9.5,10.1,102.8,29.6,2.09,2.12,1.06,0.24,0.86,314.7
2381.9,7.0,16.9,66.5,23.9,1.19,1.52,0.49,0.3,3.99,190.7
1921.9,15.3,61.2,224.6,52.9,5.14,3.85,1.86,0.65,1.72,862.2
628.8,10.4,14.5,109.8,42.4,2.8,1.87,0.74,0.37,2.09,341.7
1683.2,15.4,34.2,151.7,42.8,3.84,3.12,1.03,0.26,3.12,572.0
1757.1,20.4,15.8,76.6,50.4,2.12,2.56,0.55,0.55,1.6,275.8
864.2,42.7,0.8,53.8,44.9,1.54,3.46,0.16,0.3,3.29,308.3
3048.0,29.4,7.6,84.0,35.1,2.33,3.07,0.48,0.34,2.36,311.2
2779.9,38.4,17.1,116.8,56.7,3.43,4.14,1.26,0.58,3.71,560.5
2273.3,33.4,60.2,224.7,72.4,5.57,4.61,4.5,0.67,1.75,1064.5
1694.4,9.5,39.2,147.6,43.0,3.68,2.99,1.27,0.67,1.49,489.4
1552.9,34.4,5.2,94.7,21.0,2.05,3.34,1.4,0.49,3.63,353.8
2222.7,16.0,5.0,54.0,28.0,1.77,2.21,2.76,0.47,1.91,263.6
1927.2,30.6,4.5,19.4,18.3,1.29,2.51,0.46,0.7,2.2,155.7
574.4,18.6,51.1,192.0,56.2,4.85,3.89,1.69,0.29,3.5,792.7
1835.0,44.9,38.3,99.7,38.7,3.17,4.3,3.2,0.26,2.96,670.9
2657.9,15.5,29.8,102.2,38.9,3.39,2.69,1.62,0.62,2.3,452.3
1685.9,16.2,10.0,59.4,34.9,1.4,2.0,0.52,0.44,1.65,196.5
545.5,42.2,14.0,43.5,18.1,1.8,3.65,1.27,0.65,3.4,353.3
2601.6,6.0,12.5,95.6,40.5,2.53,2.15,0.18,0.33,1.41,262.4
963.8,32.9,5.8,28.3,21.6,1.71,3.11,0.54,0.38,3.96,262.4
1124.1,34.0,14.1,47.0,30.1,1.51,2.98,0.99,0.78,1.31,265.0
861.2,38.5,0.6,13.7,30.1,1.89,3.6,0.21,0.45,3.54,254.1
1324.6,44.0,2.8,15.5,13.0,1.25,3.65,1.08,0.56,2.24,257.5
2518.9,44.0,43.5,175.0,49.3,4.03,4.77,3.22,0.22,1.43,837.9
1854.3,7.6,27.9,136.5,43.6,3.12,2.21,1.79,0.28,2.17,447.9
973.7,37.9,11.0,99.2,33.7,2.49,3.32,0.7,0.18,1.55,433.6
2857.9,30.9,14.6,99.9,45.2,3.79,3.69,1.91,0.45,1.26,570.1
2862.8,30.9,9.2,96.7,31.6,2.95,3.94,0.79,0.84,1.61,374.5
2837.6,10.1,27.0,82.6,30.4,2.33,2.2,0.94,0.76,3.75,271.9
1068.6,31.0,30.7,81.9,29.1,2.43,3.75,1.67,0.59,1.16,443.7
1663.5,44.3,28.8,89.1,44.8,3.23,4.21,2.55,0.75,4.11,560.2
3158.0,41.5,25.6,126.5,38.8,3.66,4.23,2.63,0.57,0.82,633.0
2561.6,22.6,4.6,19.3,27.1,0.5,1.91,0.23,0.41,3.04,93.3
476.1,6.6,8.2,72.8,48.9,2.37,1.95,0.15,0.27,3.71,221.1
582.6,19.5,12.7,66.2,31.3,2.07,2.29,0.56,0.61,3.98,254.1
1699.0,38.1,8.0,48.1,37.5,1.3,2.77,0.58,0.29,1.29,258.0
2945.8,33.1,28.1,169.3,63.8,4.42,4.34,1.6,0.44,3.17,692.8
1908.4,23.4,8.0,79.1,42.5,3.16,3.43,0.76,0.73,1.16,330.6
1793.9,7.2,3.0,74.5,33.3,2.35,2.6,0.13,0.24,2.0,198.0
695.3,22.1,10.2,69.8,37.7,2.56,2.72,0.81,0.24,3.29,320.0
2239.0,23.8,78.2,312.7,66.0,7.5,5.05,3.89,0.31,1.98,1200.0
2701.9,42.1,5.1,70.9,26.5,1.78,3.29,0.78,0.54,1.87,292.3
1465.2,30.6,18.9,133.1,39.1,2.46,3.49,1.02,0.33,1.19,457.5
2571.7,17.5,11.3,63.5,49.4,2.3,2.69,0.67,0.5,1.03,257.1
3100.5,26.0,1.5,53.9,23.2,1.72,2.43,0.26,0.36,1.19,203.4
970.5,7.6,13.4,89.7,29.5,1.82,1.55,0.34,0.5,3.78,212.6
1865.3,43.9,24.2,95.6,28.9,2.68,4.21,1.93,0.34,0.84,527.5
1204.0,19.4,14.4,98.7,42.3,2.88,2.94,1.53,0.84,3.16,352.8
2620.0,24.1,41.1,154.7,49.0,3.69,3.63,2.2,0.49,3.41,675.4
2017.3,19.2,6.8,62.4,39.9,1.67,2.07,0.28,0.67,2.73,163.7
2176.8,32.3,1.8,38.9,32.4,1.51,2.4,0.36,0.64,3.28,227.8
2634.2,31.5,55.2,191.5,43.4,4.53,3.97,3.05,0.49,3.02,854.5
1508.7,33.6,9.5,95.1,30.7,1.74,3.21,2.06,0.32,2.35,374.9
2962.3,15.7,17.2,92.4,47.6,2.44,2.99,1.98,0.51,2.1,362.5
1892.5,17.6,31.4,90.3,34.6,1.99,2.24,1.08,0.63,4.0,334.3
842.3,10.0,7.8,66.1,41.4,2.28,2.67,0.3,0.47,4.1,251.3
2348.5,31.2,25.2,68.3,31.1,1.62,3.07,1.68,0.21,3.01,417.6
2621.1,6.6,2.9,72.7,25.3,2.5,1.68,0.29,0.16,1.47,231.5
1286.9,28.9,6.9,47.3,26.1,1.59,2.79,0.43,0.38,2.32,274.1
2800.1,39.8,3.1,49.2,21.1,1.54,3.48,0.64,0.26,2.49,262.5
2937.2,40.6,33.3,175.7,47.1,4.32,3.94,2.42,0.78,3.38,740.9
1175.3,23.0,5.0,25.0,26.1,1.05,2.36,0.62,0.27,3.07,193.6
3153.9,23.4,25.3,100.6,42.2,2.84,3.32,1.18,0.43,2.55,450.7
794.0,8.1,57.4,164.5,36.9,3.33,2.58,1.25,0.65,3.11,513.1
965.6,31.8,15.0,50.1,28.9,1.65,2.89,1.24,0.72,0.88,263.1
915.8,37.9,15.5,65.2,27.0,2.28,3.45,1.26,0.48,3.44,386.6
2903.2,14.8,12.4,108.0,34.2,2.22,2.26,0.79,0.28,1.52,345.2
2232.0,21.9,7.9,93.3,37.9,1.95,2.25,0.53,0.34,3.03,327.8
825.9,38.6,12.9,108.8,35.2,2.89,3.63,0.88,0.44,1.19,444.5
1632.9,40.1,18.5,111.1,51.1,2.99,3.82,1.31,0.41,1.19,485.6
2122.8,14.7,85.4,203.9,66.2,4.87,3.53,2.21,0.39,0.92,925.4
633.7,27.0,55.5,141.9,55.0,3.99,3.58,2.53,0.24,3.89,807.2
2870.8,12.7,39.6,136.4,40.6,3.25,2.46,1.34,0.79,2.86,489.0
2650.1,9.1,44.0,201.4,48.6,4.44,3.22,0.85,0.17,2.03,670.1
1814.6,41.4,12.6,97.1,38.1,2.67,3.94,0.91,0.46,3.48,506.4
3108.0,37.8,21.4,95.5,36.0,1.89,3.18,2.04,0.84,2.93,415.9
1569.7,35.4,45.1,129.9,38.5,2.8,3.73,3.12,0.61,2.91,611.9
3155.5,7.0,10.0,66.2,22.5,2.78,2.06,0.36,0.4,2.46,292.0
2270.2,38.7,65.3,188.8,53.6,5.04,4.8,4.33,0.25,0.83,1031.1
2177.1,22.5,10.7,97.6,34.3,2.92,3.26,0.47,0.82,1.68,318.1
864.7,18.7,18.4,95.2,42.6,2.42,2.45,0.82,0.16,1.17,385.9
2869.4,26.9,24.7,141.9,50.9,3.41,3.16,1.97,0.63,3.05,541.4
1597.0,8.7,60.2,221.9,68.7,4.46,2.98,0.95,0.77,1.65,693.9
854.3,35.3,5.6,75.8,23.6,3.16,3.42,0.67,0.17,2.33,433.7
435.3,28.3,27.4,125.5,45.8,3.3,3.41,2.6,0.66,2.0,580.0
1967.3,12.5,14.7,101.2,32.4,2.36,2.19,0.71,0.85,1.29,210.1
1876.7,12.5,6.3,26.2,15.0,0.74,0.92,0.36,0.6,4.06,80.2
2414.2,12.4,30.0,111.0,36.6,3.58,2.93,1.12,0.44,3.97,468.0
2892.7,7.3,16.1,75.6,42.2,2.11,1.84,0.89,0.76,1.09,199.0
622.3,28.5,21.6,102.9,35.5,3.04,3.66,1.39,0.54,3.61,453.2
2448.2,38.6,7.8,77.9,46.5,2.63,3.75,1.32,0.67,2.46,336.6
924.8,5.7,13.1,108.7,44.0,2.47,2.16,0.41,0.56,3.43,245.1
2802.9,7.0,19.2,72.4,29.9,2.39,2.3,0.93,0.18,1.31,334.5
2693.4,27.9,10.4,64.7,40.9,1.83,2.76,1.7,0.3,1.25,357.4
1914.2,37.8,4.4,32.5,29.4,1.13,2.97,0.56,0.21,3.83,254.8
2388.7,18.1,65.2,274.1,61.9,6.23,3.89,2.34,0.22,3.85,1069.3
1280.2,19.0,14.3,127.3,57.8,2.99,3.18,0.83,0.16,2.38,460.0
1719.3,28.9,26.5,104.1,40.8,3.05,3.35,1.88,0.44,3.76,537.2
2700.6,16.0,10.6,39.3,27.2,1.79,1.93,0.97,0.28,3.07,254.6
1685.9,6.1,8.8,82.2,27.9,2.5,2.19,0.1,0.75,1.43,176.3
1401.8,34.4,10.5,79.7,43.8,1.71,2.52,1.13,0.68,1.92,285.2
1783.8,30.0,10.5,63.0,35.5,1.81,2.78,1.14,0.55,1.26,332.6
2719.1,28.2,15.7,124.3,47.4,2.92,3.53,1.22,0.49,3.43,432.7
1338.6,34.7,15.7,116.9,37.0,2.6,3.37,1.41,0.33,4.15,480.0
886.5,32.0,13.7,75.8,40.3,2.47,3.11,0.75,0.48,2.66,325.1
2393.6,13.2,2.9,54.0,37.0,2.3,2.17,0.3,0.6,3.03,182.3
2712.7,19.1,13.7,62.6,25.9,2.54,2.17,1.12,0.7,3.34,299.0
681.8,10.0,3.7,57.3,19.0,1.73,2.03,1.15,0.21,1.56,219.2
1071.6,10.2,2.7,43.9,32.6,1.78,1.86,0.15,0.65,1.94,132.4
797.5,32.0,54.0,192.3,42.0,4.71,4.23,3.23,0.67,2.2,845.2
1374.2,39.3,18.6,43.7,29.1,2.09,3.42,1.87,0.54,2.82,371.3
1661.0,43.5,21.5,82.5,31.3,2.15,3.72,2.12,0.3,3.69,498.6
2496.7,30.1,10.3,52.2,39.1,2.62,3.42,0.9,0.53,1.66,356.7
2223.2,12.4,47.9,153.6,44.5,3.91,2.94,1.0,0.5,2.4,589.1
2138.6,9.2,20.3,107.5,48.2,3.07,2.08,0.83,0.48,3.36,380.0
1386.6,37.5,29.3,136.8,40.5,3.93,4.36,2.43,0.47,1.1,648.0
2756.1,28.2,9.2,60.9,39.0,2.22,3.1,0.94,0.23,2.54,330.7
1719.6,29.7,64.4,201.3,72.7,4.85,4.29,3.77,0.28,1.29,1020.4
3141.5,36.3,34.3,149.6,38.4,3.61,4.28,2.3,0.22,2.63,726.8
2175.6,33.1,38.5,164.7,52.0,3.4,3.77,4.15,0.32,3.41,763.3
753.5,38.4,3.8,90.8,58.3,2.6,3.94,0.83,0.33,1.61,406.1
2293.3,7.2,6.3,52.8,30.0,1.74,2.07,0.42,0.32,3.69,196.6
1310.3,34.9,6.7,67.0,32.6,2.06,3.39,1.48,0.3,1.94,378.5
2321.7,39.0,6.3,20.9,30.1,1.86,3.18,1.37,0.66,1.45,248.1
595.0,16.4,38.7,129.8,43.7,3.01,2.72,1.73,0.72,2.38,500.1
889.7,30.6,0.6,70.7,19.1,1.96,3.3,0.36,0.38,3.78,264.8
2796.1,17.6,1.6,78.7,43.2,2.2,2.07,0.35,0.36,1.03,257.4
1036.1,43.3,6.4,95.0,21.1,1.74,3.43,0.62,0.74,1.91,289.4
2743.7,6.3,4.5,39.9,23.8,1.5,1.48,0.16,0.59,3.02,127.5
1182.0,28.2,5.3,60.3,40.5,0.96,2.2,0.54,0.36,2.02,214.4
2200.1,11.7,32.0,137.9,42.0,2.97,2.71,0.97,0.65,1.04,401.0
2343.6,33.5,16.6,98.1,32.1,2.97,3.68,1.04,0.39,1.93,448.1
1835.4,12.0,0.1,17.1,30.1,1.44,1.64,1.03,0.56,3.59,108.7
1254.9,14.4,11.2,103.3,31.8,2.36,2.51,0.6,0.84,4.09,260.1
995.4,24.8,10.5,105.4,29.2,2.66,2.97,0.73,0.36,0.94,407.8
492.9,41.6,2.4,44.7,30.2,1.27,3.0,0.4,0.8,2.74,215.9
1251.0,13.5,22.5,74.7,32.0,2.21,2.06,0.53,0.37,1.16,245.3
2228.9,10.8,24.2,80.6,24.6,3.44,2.77,1.29,0.53,3.11,380.0
3027.3,35.4,25.5,142.2,50.7,4.28,4.5,1.66,0.47,0.83,733.4
2839.4,25.0,26.1,103.7,42.4,2.82,2.97,1.5,0.7,0.85,434.2
2545.0,41.5,0.0,73.2,30.3,2.16,3.76,0.37,0.19,3.44,376.1
2607.7,10.9,61.5,237.5,60.4,4.53,3.55,1.47,0.59,1.05,768.1
2262.0,30.8,33.7,138.5,48.7,3.21,3.24,2.03,0.68,1.84,539.3
1128.8,14.3,46.9,178.4,61.6,4.19,3.26,1.2,0.48,4.06,641.9
2940.1,11.3,0.3,9.4,19.4,0.93,1.77,0.14,0.22,4.15,90.7
2278.1,32.3,54.3,220.2,64.9,5.68,4.72,3.22,0.32,1.35,1033.4
1969.2,28.7,33.2,157.8,52.9,4.44,4.32,2.21,0.63,2.71,749.6
710.8,35.2,36.3,189.5,61.1,4.67,4.99,2.36,0.78,2.7,778.8
1651.8,17.4,2.0,50.9,29.5,1.81,2.35,0.15,0.45,2.34,160.2
1689.0,22.9,26.8,113.5,33.1,2.21,2.66,1.06,0.54,3.94,405.6
2820.8,21.2,64.3,216.4,55.3,5.22,4.23,2.71,0.31,3.36,976.1
1930.6,44.4,22.7,129.4,46.0,2.89,4.31,1.9,0.44,3.4,576.5
1465.1,16.7,16.9,96.7,52.0,2.41,1.87,0.52,0.39,1.72,302.0
3135.0,16.8,58.2,216.6,55.1,5.11,3.71,2.08,0.61,2.28,807.4
710.0,19.2,11.7,89.0,42.5,2.83,2.71,0.47,0.84,2.46,322.5
1583.1,27.6,18.3,78.4,31.5,2.13,3.01,1.13,0.72,1.82,350.3
517.7,15.1,12.9,117.3,42.0,2.67,2.48,0.47,0.28,1.12,344.1
2471.7,41.6,54.0,189.8,66.3,4.89,4.84,4.82,0.55,1.23,1000.6
2970.6,15.6,1.6,15.9,29.0,0.77,1.48,0.14,0.2,1.41,100.8
1184.1,40.8,13.9,104.5,28.9,2.46,3.91,1.16,0.32,1.49,497.8
2803.4,9.1,23.2,100.0,33.4,1.92,2.31,1.64,0.27,1.62,319.9
1218.2,31.3,31.4,137.6,54.8,3.82,3.64,1.79,0.38,1.67,619.3
2950.2,41.3,17.5,71.6,34.0,2.45,3.39,1.62,0.63,2.35,405.4
2511.1,11.7,47.9,176.7,42.6,4.09,3.01,1.09,0.5,2.53,631.2
2653.7,43.7,56.9,131.3,37.1,3.41,4.29,4.2,0.8,1.85,768.5
450.4,23.1,1.3,46.2,33.9,1.22,2.57,0.45,0.3,3.88,202.5
3095.9,42.8,10.3,65.3,39.7,2.16,3.38,1.73,0.4,2.68,386.7
2434.7,32.1,0.5,30.4,25.6,1.49,2.71,0.27,0.38,3.48,241.1
1253.3,17.1,8.0,69.3,52.3,2.04,1.81,0.62,0.32,3.94,241.5
2722.3,12.5,15.4,44.4,34.6,1.61,2.27,0.7,0.85,1.35,192.6
1188.3,17.1,48.3,206.9,55.3,5.19,3.83,1.6,0.42,2.25,888.6
2843.7,8.7,37.5,191.4,47.9,4.18,2.78,0.93,0.81,2.27,543.8
715.2,10.8,2.7,70.5,24.9,2.85,2.07,0.17,0.42,2.01,250.2
2370.3,9.2,2.0,74.9,36.2,2.64,1.91,0.22,0.29,0.83,233.5
1914.0,21.9,17.8,66.6,28.1,2.78,3.02,0.88,0.23,3.57,426.2
670.3,36.8,15.2,80.0,47.8,2.01,3.04,1.73,0.75,1.18,360.8
1077.3,10.7,6.2,64.5,43.3,2.23,2.14,0.28,0.17,4.18,242.3
434.7,10.2,45.9,145.7,51.3,3.23,3.05,1.19,0.83,3.43,488.6
1712.6,30.7,52.4,252.9,56.1,4.93,4.24,2.78,0.44,2.77,945.3
1243.5,12.9,10.3,48.5,23.4,2.35,2.04,0.34,0.32,1.33,251.2
2075.4,8.9,44.2,214.5,68.7,4.34,3.07,1.07,0.58,2.55,655.4
1232.3,11.7,9.7,38.1,22.4,1.17,1.38,0.76,0.24,1.69,178.5
1239.8,41.9,26.7,128.6,52.1,3.28,4.58,2.11,0.2,1.66,651.8
2480.9,37.9,12.9,44.4,31.8,1.49,3.49,0.98,0.73,3.62,270.7
534.8,19.2,2.6,14.0,22.9,0.94,1.92,1.05,0.45,2.09,136.9
2928.1,31.2,52.6,209.9,52.2,4.82,4.08,2.8,0.51,2.33,900.5
2786.3,26.5,12.1,51.4,28.5,2.54,2.94,1.04,0.27,3.67,363.6
2269.9,32.1,26.5,118.0,42.8,2.83,3.38,1.89,0.19,1.1,569.7
2061.0,32.3,9.2,70.4,40.9,2.83,3.56,0.96,0.41,2.82,433.4
2898.4,30.1,0.4,14.0,15.4,1.55,3.04,1.12,0.5,2.77,206.0
918.9,15.6,2.1,80.8,32.4,2.38,2.17,0.58,0.69,2.25,230.1
621.1,6.6,13.7,85.1,35.7,2.6,2.33,0.29,0.5,3.62,254.3
1070.6,23.2,23.4,132.0,49.1,3.22,3.34,1.08,0.7,4.01,440.9
2624.8,40.6,8.2,66.5,24.7,2.58,3.64,0.75,0.23,2.38,418.8
497.1,27.8,23.8,116.7,30.5,3.16,3.11,1.11,0.19,2.35,526.1
2031.9,38.3,24.0,90.8,41.7,2.04,3.44,2.51,0.26,2.51,472.9
3187.2,44.7,24.3,71.6,20.7,2.39,3.62,1.84,0.69,3.26,444.6
2795.9,11.5,13.6,90.7,46.6,2.74,2.64,0.74,0.68,3.07,285.3
1860.0,32.7,49.3,147.5,45.3,3.75,3.61,3.21,0.25,1.56,728.9
578.2,32.0,13.4,60.5,18.5,2.03,3.22,1.46,0.17,1.02,380.7
2727.8,44.2,12.0,92.2,32.8,2.29,3.8,1.2,0.63,4.03,388.2
2077.1,44.4,4.4,66.1,34.9,1.5,3.33,0.85,0.75,1.69,291.1
721.8,32.5,7.4,26.3,20.5,0.82,2.54,0.54,0.68,2.97,182.7
662.8,14.7,0.9,32.0,25.9,0.87,1.97,0.57,0.29,3.62,142.8
2947.0,36.9,20.1,76.7,39.7,2.68,3.33,1.4,0.56,1.82,442.8
2273.8,9.3,5.7,24.2,22.7,0.5,1.16,1.02,0.68,2.96,105.7
2722.0,36.2,7.3,36.4,19.1,1.32,2.79,0.51,0.33,1.17,239.5
2861.1,41.4,29.5,94.8,34.7,2.49,3.76,2.19,0.52,4.1,504.2
2001.0,20.3,7.9,105.3,50.3,2.54,2.56,0.54,0.37,1.0,346.3
1848.8,30.2,5.5,73.7,46.8,1.43,2.29,0.88,0.31,2.29,276.9
1605.2,22.2,3.7,23.7,10.0,1.52,2.11,0.69,0.83,2.63,165.4
1287.5,22.5,29.8,71.0,41.5,1.8,2.92,1.21,0.79,3.49,330.1
1616.9,17.4,2.8,65.5,33.8,2.45,2.61,0.14,0.46,1.21,280.8
2566.9,35.5,12.1,62.8,38.7,1.84,3.23,0.86,0.25,2.3,347.6
2085.4,42.4,14.1,104.4,34.4,2.71,3.85,1.26,0.66,1.82,422.0
2899.1,42.6,23.3,132.7,29.7,3.25,4.16,1.96,0.33,1.86,620.9
1641.5,12.0,20.1,107.0,43.9,2.8,2.33,0.63,0.27,3.45,365.8
2099.9,40.0,33.3,122.1,34.4,3.25,4.17,2.65,0.42,0.82,655.2
2167.7,34.5,0.9,66.2,20.8,1.83,3.15,0.28,0.52,3.35,277.7
2056.8,15.1,7.0,96.8,26.9,2.62,2.21,1.35,0.22,3.56,337.0
2367.4,7.7,6.6,70.8,37.6,2.27,2.04,0.21,0.55,3.86,170.7
1064.8,15.7,3.2,63.4,32.5,1.66,1.49,0.48,0.16,2.93,206.5
1834.6,41.5,6.8,46.8,34.7,1.96,3.63,0.85,0.77,1.93,245.5
691.8,30.3,7.4,56.0,35.4,2.39,2.81,0.51,0.79,2.25,270.2
1476.6,33.8,14.8,102.0,35.0,2.97,3.58,1.04,0.66,4.1,423.9
1765.5,15.3,21.8,120.4,41.1,3.3,2.53,0.74,0.48,3.8,439.5
2226.2,33.8,9.6,75.6,29.5,2.29,3.29,0.62,0.33,2.38,316.3
3061.5,6.1,25.4,130.2,41.8,2.64,2.21,0.52,0.67,4.01,325.2
2081.8,20.0,8.2,38.5,19.2,1.28,2.53,0.47,0.8,3.6,185.3
2482.1,30.1,6.9,35.3,29.5,1.71,2.46,0.42,0.26,3.86,266.1
1817.5,10.8,15.6,97.4,46.1,2.91,2.67,0.52,0.48,3.12,350.9
2175.5,37.9,0.5,19.7,17.0,2.41,3.59,0.25,0.37,3.72,294.0
598.6,14.4,1.7,57.0,40.5,2.26,2.2,0.1,0.4,3.83,167.3
1112.3,31.1,10.8,58.9,31.5,1.51,3.0,0.62,0.43,1.11,281.9
1413.2,21.2,57.3,254.8,67.8,5.25,3.94,2.44,0.82,4.08,915.5
1723.0,28.8,25.6,117.5,27.6,3.86,3.93,1.72,0.33,1.93,577.3
527.8,9.3,1.8,43.9,13.4,1.57,1.5,1.16,0.49,2.3,149.4
792.1,5.7,37.5,120.5,42.9,2.91,2.01,0.39,0.82,3.49,284.1
1175.1,41.4,26.4,136.8,50.9,3.16,4.3,1.87,0.48,3.06,592.4
3120.3,15.8,18.9,114.6,35.3,3.44,3.28,0.52,0.75,3.84,387.8
1327.8,37.8,34.3,170.9,64.1,4.5,4.48,2.47,0.19,2.16,844.9
1749.7,45.0,10.4,34.3,32.1,1.34,2.73,1.17,0.82,2.07,250.5
949.1,13.5,5.0,18.4,16.0,0.89,1.6,0.32,0.28,0.91,108.9
2110.2,15.6,14.3,62.0,31.4,2.12,2.32,1.01,0.84,2.37,231.8
1185.9,31.5,15.9,53.1,49.4,2.03,3.01,1.3,0.27,3.26,347.7
979.6,43.6,15.5,114.6,30.7,3.24,4.3,2.83,0.46,1.82,612.3
1846.4,41.6,16.7,125.4,46.8,3.39,4.06,1.21,0.37,2.37,518.4
415.4,25.1,59.4,173.1,48.6,4.13,3.9,2.51,0.45,1.55,806.3
421.5,36.8,46.5,188.4,59.6,4.52,4.16,2.98,0.33,3.43,865.7
1013.4,10.4,41.7,156.2,58.3,3.5,2.98,0.73,0.83,1.01,512.8
502.8,44.1,32.3,157.8,45.3,3.72,4.84,3.46,0.36,3.2,713.5
702.5,43.6,57.4,211.9,67.1,5.62,5.05,4.32,0.61,2.09,1038.2
1348.8,11.5,2.1,59.5,48.5,1.91,1.78,0.36,0.25,0.94,187.1
2647.2,17.0,6.2,53.1,30.1,1.47,2.19,0.33,0.73,3.7,163.9
2001.7,9.0,13.7,78.3,40.4,2.47,1.84,0.32,0.53,2.46,229.0
1835.5,15.9,37.5,145.8,41.5,3.26,2.71,1.06,0.84,2.84,481.8
1221.8,37.6,14.1,57.1,30.4,1.66,3.48,1.04,0.45,3.29,358.7
3008.9,20.1,27.6,140.5,43.9,3.18,3.2,1.31,0.29,3.03,533.0
1511.6,8.5,3.0,58.9,37.0,1.99,2.39,1.47,0.39,3.28,230.1
643.9,18.7,5.8,39.8,36.8,1.67,2.3,0.51,0.67,3.39,173.1
2127.8,44.3,26.3,78.1,33.2,2.68,3.84,2.25,0.61,2.8,497.3
718.7,30.2,3.6,42.1,39.8,2.03,3.01,0.2,0.69,2.04,222.4
1366.6,21.6,8.7,60.5,43.1,2.5,2.75,1.05,0.2,1.63,312.9
1820.8,11.7,6.2,66.2,38.7,2.13,2.08,0.14,0.56,3.87,174.0
2847.8,44.4,8.6,97.8,33.5,2.15,3.76,1.58,0.8,4.1,407.0
1781.9,37.8,24.6,64.5,26.7,2.08,3.17,1.86,0.23,2.02,438.7
2366.3,16.3,9.2,40.7,20.8,1.24,2.01,0.32,0.22,1.18,170.5
3179.9,7.8,16.2,48.8,36.4,2.45,1.72,0.45,0.65,1.56,215.0
768.2,7.3,2.1,46.8,18.7,2.5,1.88,2.14,0.37,3.08,267.5
1169.2,9.8,32.7,140.1,50.6,3.51,2.61,0.68,0.61,1.39,449.7
1504.8,28.2,9.2,91.4,27.8,2.78,2.67,0.56,0.53,3.45,349.6
1581.1,42.2,20.9,76.0,40.3,2.56,4.02,1.52,0.84,3.94,439.2
1550.9,24.9,25.8,118.6,41.5,3.16,2.73,1.44,0.77,4.08,475.2
2941.3,38.7,4.7,80.9,45.2,1.65,3.42,0.34,0.62,0.83,293.1
2399.3,22.8,43.2,191.5,63.6,4.4,3.37,2.23,0.33,4.06,733.8
2102.1,33.3,19.2,116.1,52.4,2.69,3.35,2.07,0.33,3.32,501.2
1266.2,34.3,11.2,94.8,48.7,2.7,3.63,1.71,0.77,1.09,404.8
2706.6,12.0,4.0,86.6,36.7,2.29,2.75,0.13,0.56,2.21,203.4
3074.2,19.4,57.1,144.3,36.7,4.3,3.51,2.18,0.7,3.18,709.2
2699.4,30.5,28.1,107.0,30.8,3.21,3.05,1.47,0.46,4.05,523.2
404.4,7.8,4.7,14.1,10.0,1.33,1.8,0.4,0.22,1.36,135.2
2181.9,19.5,8.2,78.1,25.4,2.1,2.44,0.94,0.38,1.23,267.9
543.2,26.4,33.2,141.3,46.0,4.15,3.78,1.77,0.26,2.41,671.9
1121.3,44.8,23.8,76.1,29.2,2.41,4.04,2.6,0.7,4.09,492.6
566.7,24.0,29.0,113.6,39.0,3.08,2.6,1.81,0.64,4.1,481.8
2090.6,37.6,11.6,89.3,40.0,2.51,3.59,0.86,0.21,1.57,433.0
2322.5,22.3,25.2,137.8,42.4,3.12,2.99,1.33,0.58,1.89,478.2
720.6,36.9,9.8,76.1,24.7,2.24,3.73,0.6,0.76,3.89,326.1
1474.7,28.8,4.7,91.6,36.1,1.63,2.93,0.43,0.64,3.3,284.1
1677.5,40.5,20.0,98.2,30.5,2.07,3.12,1.46,0.51,4.11,409.9
1433.3,21.4,74.6,216.3,56.8,5.19,4.3,3.77,0.37,3.84,1017.3
738.9,29.2,7.4,61.5,41.8,2.63,3.33,0.57,0.77,1.53,323.6
1573.1,30.2,12.4,61.7,28.9,2.16,2.67,1.05,0.45,3.38,310.3
2503.3,21.7,22.4,78.0,48.2,2.09,2.61,1.34,0.75,0.97,303.1
598.8,10.8,15.6,103.1,50.0,2.04,2.29,0.87,0.7,3.58,277.9
624.5,8.7,37.1,156.8,43.6,3.79,2.41,1.07,0.72,2.85,472.4
1393.4,5.7,28.7,120.0,32.7,2.62,2.38,0.41,0.84,4.05,317.8
3036.8,39.9,1.2,34.0,25.7,1.78,2.99,0.54,0.67,4.06,229.1
2272.0,14.5,129.0,337.5,90.0,7.71,4.57,3.43,0.17,0.97,1200.0
2300.3,13.5,27.9,127.0,38.9,3.23,2.46,0.99,0.29,1.35,434.4
1413.4,34.4,39.9,137.9,52.1,3.72,4.31,2.29,0.17,2.45,738.1
2062.3,17.8,21.1,88.1,45.5,2.63,2.52,0.74,0.28,3.79,342.6
428.4,25.2,38.8,118.2,35.1,3.03,2.91,2.7,0.19,3.57,610.3
2181.1,11.5,2.4,16.2,17.5,0.99,1.71,0.18,0.5,4.08,51.0
2957.2,43.4,8.5,83.0,40.6,1.99,3.81,0.85,0.17,2.9,445.6
2115.2,39.1,41.8,143.3,47.0,2.88,3.99,2.81,0.48,1.67,652.9
2846.4,39.6,4.5,89.1,30.5,2.31,3.53,0.36,0.78,0.89,364.5
2427.1,21.3,1.6,47.5,25.7,2.33,2.75,0.15,0.67,1.56,189.4
737.6,35.5,31.0,145.6,45.6,3.92,3.95,2.16,0.81,3.1,628.1
2926.9,10.8,36.1,123.4,29.7,3.05,2.9,1.65,0.31,3.95,515.5
586.0,5.3,3.6,58.9,36.7,1.6,1.85,0.19,0.52,1.89,94.0
1895.1,5.8,38.5,131.2,39.8,3.45,2.69,0.53,0.37,3.78,448.6
798.0,28.5,23.2,118.6,19.1,2.84,3.48,1.43,0.5,2.14,487.8
432.8,23.2,14.7,66.9,31.8,2.73,3.09,0.74,0.54,1.85,318.2
1581.7,25.7,35.5,146.3,40.4,3.13,2.96,2.49,0.18,2.53,625.7
1226.1,5.3,10.9,98.5,51.2,2.2,1.99,0.29,0.31,2.3,248.1
1760.8,21.9,4.3,43.8,23.2,1.34,2.3,0.43,0.64,3.91,132.6
2016.2,33.7,6.7,24.3,15.6,0.8,2.94,0.68,0.69,2.39,208.5
522.5,22.7,14.1,78.2,38.1,1.91,2.77,1.14,0.55,1.74,276.6
744.4,34.3,15.2,90.1,30.9,2.54,3.57,1.2,0.34,3.66,448.9
1964.2,14.3,32.8,93.0,30.5,2.24,1.88,0.89,0.43,4.2,350.9
1360.9,37.5,31.3,125.0,46.6,1.82,3.25,2.01,0.22,3.0,507.4
2441.7,28.5,17.4,60.3,22.5,2.43,2.96,1.94,0.82,1.65,331.1
2226.4,13.4,30.4,140.5,33.6,2.56,2.46,1.33,0.76,1.61,404.3
2767.7,14.5,4.3,75.8,47.4,2.4,2.27,0.11,0.2,1.0,241.4
2339.0,30.1,1.0,38.5,31.6,1.6,2.73,0.74,0.27,1.06,274.0
1603.8,38.2,41.4,116.3,38.8,4.14,4.46,2.99,0.56,3.91,761.5
2284.3,21.6,1.6,17.0,23.0,1.66,2.3,0.35,0.31,1.13,211.8
1171.1,15.3,5.7,34.5,30.3,1.34,1.97,0.15,0.8,2.45,109.9
1257.7,39.7,23.8,84.6,43.0,2.35,3.24,2.18,0.68,3.17,444.8
2609.2,31.8,10.5,72.0,26.9,2.76,3.2,0.65,0.34,3.69,374.8
1650.0,22.9,41.8,158.8,51.5,3.23,3.34,2.12,0.15,1.38,630.8
2635.5,24.5,7.1,91.4,32.4,2.5,2.62,0.3,0.71,2.29,290.7
2702.8,13.2,0.2,11.2,20.5,1.12,2.05,0.64,0.45,1.66,114.6
2801.2,30.1,7.2,72.6,34.4,2.02,3.23,0.37,0.6,1.67,308.3
2966.6,19.3,17.3,91.8,36.5,2.63,2.66,0.66,0.35,1.83,358.9
1606.8,44.8,9.4,68.5,38.2,2.25,4.58,0.83,0.25,2.8,390.9
1292.8,24.2,15.3,101.0,42.1,2.84,3.37,0.69,0.62,0.86,370.5
2030.2,24.4,41.8,101.7,26.2,2.82,2.83,1.97,0.47,2.19,546.2
1439.3,27.6,48.7,123.9,31.4,3.4,3.67,2.38,0.31,1.44,622.5
2083.0,41.7,6.2,69.8,29.6,2.15,3.64,2.43,0.25,4.09,457.8
2375.6,37.0,12.4,73.3,47.8,2.03,3.15,1.11,0.56,2.78,343.7
2327.5,23.0,15.9,56.2,23.3,1.92,2.32,0.95,0.66,3.75,244.6
1448.7,33.7,59.6,197.9,54.0,4.65,4.6,3.45,0.35,1.47,949.1
867.2,28.4,131.7,381.1,84.3,9.0,5.9,5.5,0.66,3.55,1200.0
1605.5,24.7,5.4,62.5,26.8,1.83,2.61,0.27,0.28,2.21,264.1
799.3,12.7,26.0,107.9,40.8,2.69,2.19,1.12,0.39,1.4,379.6
2892.3,23.6,9.5,59.1,41.8,1.98,2.46,0.53,0.67,3.39,210.1
1368.5,14.8,0.2,41.5,31.1,1.99,2.18,0.56,0.61,3.39,163.0
832.5,41.6,0.2,39.9,20.8,1.4,3.38,0.2,0.34,4.19,227.7
471.3,18.4,12.3,118.6,63.4,2.99,2.19,2.17,0.24,3.46,445.3
2208.3,43.1,13.4,52.8,30.1,1.99,3.63,1.04,0.18,1.29,394.0
2183.3,26.3,0.5,77.2,29.3,1.92,2.57,0.02,0.74,1.9,158.6
1353.7,30.3,23.2,125.4,53.9,3.25,3.9,1.53,0.2,2.34,590.6
600.8,26.7,7.0,80.4,30.7,2.66,3.84,1.53,0.23,1.23,385.9
1547.0,10.2,16.4,67.9,45.5,2.16,1.97,0.69,0.32,3.48,258.7
1271.4,20.0,7.2,62.2,24.2,2.06,2.07,0.27,0.46,2.59,241.1
2295.9,9.0,3.7,82.9,46.4,1.97,1.94,0.37,0.7,4.01,198.6
2096.2,29.9,10.5,101.6,39.9,3.42,3.56,1.48,0.32,2.8,476.0
1420.9,22.9,5.3,37.6,37.1,1.34,2.82,0.2,0.53,2.58,124.7
1010.1,36.1,15.3,68.7,47.6,1.6,3.52,0.99,0.21,1.04,390.2
3166.5,13.8,4.4,56.1,21.0,2.2,2.47,0.78,0.48,1.31,201.2
1671.2,11.6,14.2,119.6,51.7,2.82,2.28,1.17,0.27,3.69,389.0
2327.2,21.3,3.4,38.6,15.7,1.47,2.47,0.61,0.3,4.17,215.4
793.5,42.1,22.2,130.5,35.1,3.03,4.11,3.47,0.41,2.21,569.7
1759.7,33.4,28.0,156.1,41.7,4.44,4.3,1.6,0.68,3.55,642.2
477.1,21.8,2.3,68.1,36.3,2.18,2.25,0.4,0.67,2.93,211.4
1815.3,25.7,12.6,88.2,36.1,2.65,3.32,1.0,0.44,4.06,325.6
3099.2,8.4,1.5,39.1,25.7,1.65,1.76,0.51,0.23,1.61,125.2
1475.8,44.4,18.2,122.4,43.2,3.25,4.23,1.98,0.35,2.65,596.7
509.2,31.7,6.1,68.3,37.0,2.65,3.2,1.32,0.5,2.19,363.9
486.7,16.4,15.0,88.1,41.2,2.31,2.24,0.59,0.76,2.64,271.4
1486.4,28.4,14.6,69.7,41.3,1.61,2.8,0.71,0.83,1.71,265.5
848.1,9.4,51.6,224.6,75.0,5.04,2.87,0.99,0.6,2.49,716.6
465.4,43.6,15.9,58.8,30.4,2.27,3.97,1.6,0.4,2.92,405.3
2517.4,12.0,17.5,67.6,28.0,2.11,1.86,0.45,0.64,1.08,241.1
1683.9,30.9,10.3,93.5,41.7,2.71,2.83,1.19,0.39,3.33,436.0
1209.9,14.8,59.5,194.7,45.9,4.13,3.63,1.57,0.59,3.2,691.3
2920.2,33.7,30.0,128.6,37.7,3.28,3.52,1.69,0.32,3.79,589.7
725.2,36.1,6.7,42.3,35.6,1.66,2.94,0.69,0.34,2.25,302.4
3076.6,31.9,37.2,149.7,45.9,3.49,4.03,2.5,0.2,1.01,694.3
1279.1,29.6,11.3,70.9,23.1,2.61,3.69,0.73,0.44,2.37,361.5
2887.5,40.7,35.3,161.3,37.1,3.33,3.72,2.95,0.58,1.27,666.6
2088.2,8.1,34.6,115.7,41.2,3.78,2.45,0.7,0.7,3.0,484.5
2714.8,18.2,4.2,72.0,42.1,2.46,2.37,0.2,0.72,0.96,227.8
3155.2,14.9,24.2,130.8,52.6,2.42,2.64,0.64,0.84,2.07,342.8
1207.5,44.5,6.9,40.8,28.2,1.6,3.93,1.01,0.21,1.08,355.3
3091.2,20.6,7.1,48.2,44.7,1.71,2.1,0.44,0.5,0.81,185.3
1490.5,34.3,7.0,75.8,32.8,2.36,3.71,1.38,0.51,4.07,376.4
1479.4,32.4,25.9,128.3,42.0,2.84,3.3,1.71,0.71,4.19,484.5
1353.1,13.5,5.2,67.7,11.6,2.04,2.25,0.29,0.34,2.69,214.2
1915.9,14.6,0.0,56.2,26.5,1.8,1.79,0.17,0.2,1.61,193.4
831.6,16.3,25.1,91.9,43.4,2.24,2.37,0.74,0.37,3.9,321.9
1950.4,21.4,3.8,43.2,40.3,1.33,2.22,0.49,0.84,3.94,115.8
1916.8,14.4,2.2,30.6,18.9,1.83,2.04,0.4,0.78,3.71,135.3
2533.3,5.8,5.4,26.7,28.5,0.73,1.29,0.7,0.43,2.65,72.8
2734.2,40.2,9.6,86.4,43.9,2.64,3.52,0.73,0.76,1.05,367.2
1633.2,43.6,12.9,41.1,27.5,2.07,3.47,1.08,0.17,1.1,347.3
1246.5,18.7,0.9,77.5,15.7,2.08,2.55,0.07,0.37,3.85,252.9
1126.1,18.5,70.5,257.2,68.3,5.67,4.39,2.32,0.66,3.78,1015.1
944.9,5.3,25.2,123.9,48.4,3.38,2.35,0.45,0.31,2.28,422.4
561.4,32.2,7.8,98.8,30.2,2.27,3.33,1.75,0.29,1.92,425.0
1358.9,38.0,7.7,50.6,27.1,1.59,3.38,0.91,0.75,2.99,239.8
1156.7,10.9,11.9,98.9,28.6,2.32,2.37,0.83,0.58,3.54,280.9
3106.0,11.4,19.7,80.7,14.0,2.7,2.12,0.53,0.84,3.29,254.1
1961.6,36.6,3.2,15.6,31.0,1.78,3.01,0.26,0.24,2.89,231.5
1372.4,29.7,4.2,73.5,33.2,1.58,2.6,0.33,0.4,1.59,266.7
2025.3,6.8,39.2,109.3,52.5,3.17,2.82,0.56,0.37,1.69,466.6
789.8,29.9,5.9,96.9,44.3,2.85,3.48,0.65,0.77,3.26,384.7
1643.3,17.4,9.6,88.7,33.1,3.0,2.91,0.44,0.33,3.53,363.9
2153.5,19.7,41.0,197.6,54.9,4.51,3.68,2.13,0.4,1.19,752.9
1768.9,35.8,21.8,75.3,38.1,2.38,3.1,3.09,0.25,1.44,500.4
1525.0,37.4,8.4,84.8,43.0,2.85,4.21,0.69,0.69,3.11,375.7
3182.8,21.0,23.0,49.8,31.5,2.16,2.72,1.29,0.32,2.12,335.4
2864.9,42.9,0.4,68.6,41.2,2.93,4.22,0.46,0.2,2.72,438.5
2145.5,21.3,26.6,102.9,36.1,3.11,2.6,1.03,0.45,2.89,478.8
1994.3,35.9,13.4,85.9,27.5,2.47,3.67,1.8,0.42,3.44,422.3
2137.8,24.4,33.6,85.7,34.9,2.07,2.63,1.45,0.27,3.54,378.2
963.7,40.9,61.9,146.4,48.0,4.04,4.11,4.75,0.24,1.75,905.1
1506.4,41.3,52.0,172.4,41.4,3.8,4.11,3.75,0.78,2.64,818.3
510.5,8.5,48.0,163.7,38.8,3.51,2.26,0.86,0.2,1.22,603.9
1731.5,42.5,14.4,100.8,41.7,3.11,3.78,1.26,0.22,3.66,550.7
1920.5,38.0,8.9,42.5,24.4,1.71,3.26,1.37,0.32,3.67,361.0
1037.7,36.7,12.5,63.9,30.2,2.49,3.43,0.82,0.82,1.82,320.6
3099.3,13.0,23.4,126.6,39.9,3.14,2.72,0.53,0.21,1.35,417.0
2946.5,37.2,43.1,163.6,61.6,4.17,4.73,2.88,0.72,1.04,740.3
2422.0,39.0,4.6,44.2,38.1,1.76,3.28,0.32,0.77,2.75,228.4
1893.5,16.6,50.1,239.9,53.3,5.18,3.17,1.85,0.41,1.11,871.8
2835.9,43.1,33.8,119.9,37.3,3.34,4.17,3.0,0.36,3.11,712.2
765.8,7.0,77.1,158.2,55.3,3.7,2.89,1.67,0.62,3.11,657.7
2613.4,11.0,42.4,108.6,44.4,2.5,2.23,1.32,0.64,2.89,393.2
749.5,26.5,6.6,50.5,28.8,1.63,3.02,1.28,0.7,3.78,225.4
2623.8,28.0,2.2,52.5,20.3,2.7,3.31,0.66,0.73,2.09,282.3
1172.1,30.8,2.4,38.0,21.4,2.07,2.59,1.22,0.34,3.87,292.9
2855.9,5.7,6.9,82.6,30.7,1.66,1.63,0.15,0.63,0.93,113.2
3043.3,43.4,19.0,45.3,30.4,0.96,3.25,1.66,0.24,1.18,385.9
816.6,6.8,32.6,147.2,60.1,3.36,2.69,2.41,0.51,2.2,506.8
1695.5,10.7,45.9,143.1,40.3,3.68,3.22,1.28,0.58,2.82,569.8
3146.8,5.6,19.6,118.9,33.2,2.61,2.25,1.02,0.26,0.91,354.6
1753.5,27.7,0.1,77.9,33.1,2.58,3.23,0.02,0.2,2.73,326.7
2817.9,42.3,4.1,50.7,37.4,1.84,3.69,1.11,0.29,1.85,333.4
2048.4,31.6,2.1,84.5,23.6,2.22,3.11,0.59,0.44,3.82,309.8
1450.9,37.9,9.0,44.3,39.6,2.09,3.04,0.65,0.77,2.61,292.7
1200.2,5.5,13.9,53.9,28.3,1.61,1.59,0.14,0.52,2.8,142.4
969.0,26.7,0.9,19.8,17.7,1.19,2.53,0.16,0.67,4.02,109.1
2533.0,23.4,8.6,51.2,16.4,2.06,2.37,1.32,0.27,3.4,303.2
1482.3,25.0,3.9,36.6,32.2,1.56,2.86,0.61,0.22,2.29,246.2
1831.6,7.9,20.8,63.4,30.0,2.76,2.46,1.28,0.32,2.42,362.8
1778.5,32.4,12.5,79.9,35.7,2.6,3.02,0.91,0.37,3.0,413.8
2016.4,25.1,13.7,71.1,25.6,2.4,3.25,1.68,0.53,1.48,362.8
2823.6,35.6,11.2,50.7,26.6,1.84,3.1,0.91,0.77,1.1,270.3
3146.1,24.4,62.5,178.6,48.3,4.68,3.71,2.63,0.45,1.86,841.7
1541.2,11.0,4.8,80.5,33.7,2.09,2.34,0.15,0.51,3.45,194.0
2717.1,30.9,14.5,77.9,28.7,2.4,3.19,2.78,0.15,1.67,482.9
2540.7,11.9,26.6,107.3,27.0,2.32,2.69,0.69,0.17,1.24,395.9
2005.9,39.9,16.3,106.4,61.0,3.36,3.87,1.15,0.21,1.54,571.5
3076.9,29.5,52.9,165.4,38.9,4.14,3.48,2.61,0.64,3.11,738.5
961.3,11.3,9.5,40.2,28.7,2.42,2.16,0.31,0.49,2.89,197.0
705.9,43.5,12.5,69.7,18.4,3.09,4.34,1.78,0.29,3.14,504.6
2791.1,25.7,1.9,55.8,14.1,2.15,2.6,0.38,0.56,1.89,195.5
1629.6,7.9,18.8,95.9,38.1,2.52,1.77,0.65,0.53,3.86,257.2
2771.5,30.1,6.8,35.2,27.7,1.2,2.68,1.36,0.21,2.34,271.3
2900.7,15.1,3.5,21.1,33.9,1.69,1.73,0.38,0.6,2.55,134.6
574.9,37.1,15.7,114.4,43.8,3.03,3.87,1.7,0.69,4.03,500.1
2873.7,37.7,15.2,81.8,33.5,2.61,3.55,1.11,0.35,4.13,419.0
1655.3,44.2,1.6,56.7,22.6,2.56,4.06,1.63,0.63,3.05,375.9
1829.2,25.1,24.0,92.3,48.6,2.31,2.52,1.03,0.29,4.01,390.2
2154.5,23.2,19.6,137.5,52.2,2.9,3.37,1.27,0.68,2.64,435.6
2993.9,35.1,4.2,58.1,20.5,1.8,3.1,0.68,0.79,1.84,268.3
453.5,10.3,12.7,82.1,35.1,2.6,2.45,0.3,0.46,1.87,245.1
1735.2,26.9,25.5,143.6,47.0,3.66,3.81,1.34,0.32,2.7,561.3
2325.6,26.8,15.1,96.7,34.6,2.22,2.63,0.82,0.43,2.86,346.9
2423.6,8.6,10.1,48.2,34.9,2.05,2.15,0.18,0.33,2.29,166.9
2339.1,21.7,7.8,40.0,33.9,1.17,1.83,0.63,0.15,3.8,172.6
776.4,39.1,18.9,125.8,41.1,2.82,3.46,3.25,0.61,2.25,528.5
1238.3,39.2,56.0,259.2,64.4,6.1,5.77,3.99,0.18,1.73,1200.0
1404.4,9.0,22.3,111.6,52.1,2.54,2.45,0.65,0.3,0.83,363.4
2652.4,8.6,1.6,50.8,36.6,2.12,2.48,0.04,0.66,4.1,158.2
1180.5,15.5,12.3,74.7,34.0,2.29,2.29,0.38,0.62,3.6,281.4
990.0,40.0,44.3,120.7,28.7,3.97,4.39,3.24,0.2,2.89,784.7
3080.9,10.2,2.0,60.3,33.6,1.81,2.03,1.72,0.61,3.62,207.5
424.8,33.8,90.0,203.5,62.2,5.69,4.82,5.5,0.8,3.55,1173.6
3193.9,9.0,59.5,210.1,35.8,4.81,3.0,1.06,0.2,3.97,772.4
2295.1,29.9,1.6,65.0,33.7,1.95,2.73,0.39,0.44,2.11,306.5
2719.7,19.2,54.2,183.0,49.6,4.8,3.75,2.06,0.66,2.69,782.6
1224.9,36.6,9.0,51.4,27.5,2.07,3.07,1.01,0.62,1.14,318.1
440.1,14.3,37.2,90.4,29.0,1.55,1.72,1.36,0.31,4.08,324.3
2466.0,30.6,10.8,56.0,28.9,2.4,3.28,1.18,0.26,4.15,377.1
2735.6,14.4,11.6,88.9,47.1,2.77,2.52,0.29,0.7,3.48,292.9
2473.3,33.5,20.1,107.1,35.7,3.2,3.93,2.28,0.82,2.34,531.1
800.0,39.9,29.8,109.8,47.5,2.38,3.54,2.01,0.69,2.49,509.8
2509.6,10.1,0.7,53.0,23.1,1.53,1.62,0.27,0.82,2.28,89.7
2553.0,39.7,18.0,123.7,48.3,2.93,3.98,2.2,0.57,1.8,533.9
2243.9,28.7,4.1,17.4,23.1,0.95,2.24,0.47,0.8,2.59,129.1
2545.1,10.1,8.5,63.3,34.2,2.67,2.12,0.17,0.63,0.98,220.2
2768.6,22.1,8.6,91.2,36.5,2.42,2.62,0.42,0.79,4.17,300.5
2118.1,11.4,12.7,86.8,40.8,2.34,2.15,0.59,0.26,2.24,312.3
648.1,33.0,8.1,74.4,12.8,2.37,3.73,0.48,0.72,3.95,334.8
1765.4,35.4,2.3,50.3,17.7,2.0,2.9,0.35,0.29,3.26,330.1
617.4,9.2,3.1,86.0,38.8,0.97,1.8,0.21,0.17,1.79,114.2
1541.1,25.2,0.7,11.0,10.0,0.91,2.43,0.7,0.51,1.55,133.6
1539.9,37.6,12.7,85.9,31.2,1.86,3.68,0.84,0.37,4.19,374.5
584.8,42.4,61.8,177.5,51.5,5.02,5.74,4.83,0.18,3.43,1067.5
1376.7,25.5,2.5,25.3,17.9,1.27,2.78,0.31,0.84,1.65,116.6
710.8,43.0,58.5,179.5,46.8,4.74,5.09,4.55,0.62,1.03,943.8
2663.1,26.4,26.4,109.1,41.8,2.07,2.5,1.26,0.78,3.17,359.7
3053.5,20.8,20.3,133.8,52.2,3.08,2.7,1.08,0.85,1.83,428.8
602.5,38.9,20.7,114.8,33.0,3.4,4.14,1.79,0.42,1.55,590.8
3074.3,24.7,35.1,128.3,38.5,3.78,3.09,1.47,0.33,3.3,577.9
1863.2,23.9,2.3,58.1,24.6,2.17,2.9,0.79,0.28,3.11,289.9
1238.8,24.6,14.1,71.1,13.4,1.57,1.98,1.37,0.51,2.44,312.0
615.2,38.9,23.9,142.5,46.8,4.03,4.62,1.57,0.57,4.01,614.5
1801.7,38.3,17.7,92.2,44.1,2.94,3.73,1.5,0.48,3.11,478.5
2624.6,21.1,35.8,117.8,49.3,3.05,3.04,1.62,0.42,3.84,517.1
2379.8,18.3,1.5,65.7,24.9,1.18,1.84,0.05,0.27,1.45,172.9
540.6,24.7,23.5,111.0,30.0,3.2,2.77,1.13,0.46,1.81,481.9
604.1,27.9,15.3,96.0,37.5,2.35,3.33,2.1,0.21,1.16,417.2
1528.0,14.5,9.5,95.7,43.9,2.63,2.82,0.56,0.76,1.84,258.4
1226.8,36.8,8.3,96.6,38.6,2.58,3.49,1.59,0.18,4.1,472.7
1050.7,24.5,19.4,99.3,40.2,3.27,3.44,1.24,0.42,4.07,430.4
1186.8,18.4,44.3,172.6,60.2,3.97,3.18,1.37,0.22,3.39,683.4
2649.8,9.3,13.7,125.7,36.7,2.92,2.43,0.24,0.69,2.57,318.5
3001.8,14.6,34.8,130.0,41.6,3.77,3.19,1.36,0.37,3.45,567.2
1534.3,43.0,10.3,54.9,43.0,1.73,3.64,1.06,0.23,2.68,359.3
2937.1,17.2,2.2,25.8,23.1,1.72,2.54,0.12,0.52,0.81,159.7
1300.2,11.8,1.3,74.9,23.3,2.05,2.21,0.41,0.79,2.51,143.2
1734.0,23.4,1.1,63.7,26.1,1.56,2.46,0.71,0.79,2.84,179.6
1032.9,17.3,9.6,45.6,20.7,1.71,2.02,0.83,0.32,1.7,228.0
2193.3,6.4,8.2,102.2,41.3,2.83,2.05,0.2,0.65,1.49,229.6
3141.1,17.9,25.3,140.5,38.1,3.8,3.39,0.88,0.17,1.73,557.9
2089.8,26.8,27.2,147.9,48.8,4.12,3.39,2.59,0.24,2.92,657.6
1401.9,27.1,1.0,12.0,16.3,1.07,2.68,0.92,0.5,1.3,177.5
2213.9,19.3,5.0,59.9,13.8,1.52,2.15,0.31,0.31,3.25,244.8
744.2,22.9,6.4,71.9,35.4,2.0,2.41,0.94,0.71,2.24,223.0
2888.2,43.6,15.9,78.9,35.4,1.93,3.35,1.22,0.8,2.0,362.7
1808.6,20.1,3.1,63.2,35.5,1.88,2.59,0.19,0.15,3.54,212.6
1658.2,15.3,2.9,74.9,28.1,2.0,2.24,0.15,0.31,2.52,205.0
2040.4,14.7,57.6,158.9,42.4,3.99,3.51,1.45,0.46,2.09,681.5
2149.4,23.3,32.6,127.6,46.2,2.34,2.48,2.04,0.54,3.79,453.1
601.0,35.4,4.0,26.7,37.0,1.15,2.72,0.58,0.79,2.05,197.9
2311.3,13.2,10.4,61.3,31.1,1.67,1.96,0.35,0.77,3.72,169.7
1077.4,33.4,8.8,34.5,29.6,2.07,2.99,1.24,0.6,2.51,292.7
2399.1,5.8,31.3,110.0,37.2,2.27,1.89,0.95,0.33,1.51,322.0
2703.1,21.8,14.3,63.9,19.1,2.1,2.69,0.56,0.7,2.88,274.1
2651.1,36.0,2.7,72.0,40.7,2.06,3.43,0.58,0.29,1.77,339.2
1947.0,18.5,26.9,110.1,47.1,3.28,3.35,1.34,0.83,1.3,406.8
1856.5,27.5,10.1,57.8,36.1,2.19,2.61,0.97,0.15,1.09,315.8
800.1,13.2,6.1,74.3,31.9,2.19,2.3,0.65,0.55,1.62,172.3
2571.0,34.7,9.4,41.9,32.3,1.5,2.82,0.62,0.21,3.3,259.4
1159.9,7.1,13.8,47.2,35.6,1.0,1.49,0.31,0.44,3.65,123.7
1790.7,39.1,8.4,67.9,45.2,2.25,3.65,1.29,0.59,3.73,344.2
1196.0,12.9,5.5,66.2,39.8,2.23,1.98,1.03,0.63,1.72,206.1
774.7,40.0,10.2,89.3,36.6,1.84,3.18,0.81,0.7,3.05,362.1
2162.8,19.1,0.4,36.1,16.0,1.05,2.13,0.02,0.57,1.58,134.9
552.1,33.9,29.6,127.7,44.2,3.41,3.81,2.46,0.33,2.92,612.8
2496.2,17.8,3.7,64.3,33.6,2.12,2.36,0.3,0.77,3.82,209.1
1289.2,41.2,0.9,80.1,40.1,1.82,3.62,0.22,0.72,0.94,308.3
400.4,10.1,21.2,85.0,46.1,2.13,2.22,0.53,0.26,4.15,307.8
1831.2,12.1,29.7,132.0,43.0,2.38,2.12,0.82,0.73,3.61,355.1
531.2,24.7,33.6,132.8,60.7,3.99,3.39,1.58,0.83,3.39,593.3
1173.3,8.3,13.6,125.4,28.5,2.39,1.75,0.52,0.6,3.15,292.5
2379.5,12.8,4.6,35.9,29.8,1.77,2.02,0.13,0.35,3.42,135.6
575.5,42.8,26.7,100.2,31.7,2.81,3.62,3.33,0.57,4.18,574.3
2750.1,44.1,24.1,83.4,19.8,2.95,4.13,2.87,0.39,3.42,567.4
410.7,20.1,5.7,59.7,29.1,1.61,2.61,1.28,0.62,2.0,254.9
1091.1,41.9,46.7,113.8,28.8,3.23,4.04,4.11,0.53,2.89,709.4
2474.5,26.8,2.2,14.2,21.3,0.54,2.03,0.53,0.8,1.95,85.1
1285.6,15.8,81.1,274.2,69.6,5.13,4.17,2.23,0.58,4.1,1007.2
685.3,33.1,39.4,136.0,53.4,3.9,4.36,2.19,0.3,3.86,710.3
1408.7,31.4,23.3,73.7,21.2,1.53,2.64,1.26,0.66,2.73,371.0
1157.1,44.6,55.9,181.3,59.9,4.95,5.07,4.31,0.36,3.46,997.2
2759.6,15.6,25.6,96.6,38.2,2.99,2.78,0.95,0.34,3.89,403.4
1277.4,31.9,4.2,85.4,43.6,2.63,3.4,2.22,0.42,1.63,445.8
2609.0,7.1,11.7,82.6,31.4,2.0,2.28,0.37,0.16,2.77,223.4
2897.2,9.5,1.5,68.9,21.7,1.4,1.7,0.32,0.83,2.44,132.6
1614.7,5.2,9.9,55.6,20.3,2.05,1.81,0.56,0.52,3.42,151.7
2947.8,45.0,27.1,146.9,36.1,4.13,4.85,2.11,0.69,2.09,712.1
1456.5,37.1,9.8,60.6,34.7,1.76,3.52,1.68,0.33,3.21,329.7
3099.4,36.5,8.0,62.8,43.1,1.73,3.41,0.79,0.67,2.17,292.5
650.0,25.4,18.1,79.7,29.8,2.11,2.93,0.9,0.55,1.18,302.0
2323.7,17.0,41.1,173.6,56.3,4.18,2.92,2.26,0.45,1.16,718.1
1782.7,11.1,1.0,50.4,16.9,2.25,2.02,0.41,0.83,1.2,123.9
1485.4,16.4,9.7,46.3,29.8,1.24,2.16,0.53,0.5,0.91,158.2
2171.6,20.0,3.4,26.0,30.0,0.81,2.0,0.46,0.61,2.61,128.7
2370.8,35.3,23.8,100.6,26.5,3.64,4.18,1.95,0.16,3.08,599.4
412.2,26.6,2.2,48.0,27.0,1.66,3.12,0.17,0.36,1.23,243.3
867.5,8.1,21.9,66.9,37.8,2.16,1.66,1.1,0.77,2.88,218.4
2396.5,5.7,6.7,54.3,10.0,1.54,1.84,1.35,0.68,2.83,139.2
2265.9,9.1,4.4,59.1,41.3,2.1,1.89,0.4,0.53,1.3,176.4
3104.9,21.4,55.1,254.0,68.5,5.91,4.54,2.43,0.78,2.17,960.0
2530.9,42.3,0.4,11.4,27.8,1.29,3.26,0.81,0.49,3.37,241.3
3062.2,30.5,11.5,69.2,29.2,2.83,3.9,0.77,0.55,0.86,397.7
2367.1,37.1,0.4,67.5,18.4,1.88,3.31,2.0,0.42,1.3,365.8
1234.5,23.7,13.2,98.8,42.1,2.49,2.72,0.98,0.58,4.19,362.1
695.0,19.5,13.9,58.4,29.9,2.04,2.57,0.67,0.37,3.29,236.2
2589.1,9.3,7.8,87.4,36.0,2.52,2.26,0.57,0.42,2.38,255.2
2203.6,40.0,2.8,47.5,37.3,1.84,3.69,0.48,0.83,2.94,251.2
534.9,36.3,9.4,61.2,37.1,1.52,3.19,0.62,0.23,3.68,348.5
1408.1,11.7,22.3,146.0,61.6,3.46,3.34,1.07,0.22,3.66,487.5
3079.0,25.5,30.5,179.9,53.6,3.92,3.59,1.63,0.18,1.9,624.1
1801.1,24.5,15.1,74.8,27.9,1.98,2.67,1.25,0.37,2.47,312.6
1611.6,30.0,17.8,69.3,31.0,2.2,2.91,0.96,0.43,2.97,341.5
1681.6,42.8,4.5,43.3,31.1,1.32,3.33,0.63,0.22,1.04,253.8
984.9,28.2,6.8,22.5,32.2,0.94,2.46,0.9,0.53,4.02,209.7
1432.4,26.6,3.5,13.2,10.6,0.5,2.2,1.94,0.56,2.27,150.8
1435.5,7.0,5.7,45.0,28.2,2.38,2.02,0.93,0.68,2.06,194.5
546.6,7.5,5.1,87.8,48.7,2.56,1.95,0.86,0.83,3.88,193.1
2549.2,12.5,14.7,102.7,36.6,2.55,2.13,0.42,0.58,1.2,320.7
1566.2,6.3,16.5,74.9,40.9,1.89,1.65,0.9,0.23,0.93,244.9
2702.1,34.7,58.0,169.5,54.4,3.37,4.11,3.43,0.21,3.13,794.4
2781.0,33.9,4.4,14.2,30.2,0.96,3.04,0.33,0.69,2.11,177.3
993.6,10.4,20.5,90.0,29.7,2.69,2.29,0.4,0.61,3.4,275.1
2240.6,38.4,34.0,76.2,27.3,2.84,3.54,2.96,0.26,1.03,595.3
1722.4,11.2,16.4,106.2,39.3,2.91,2.43,0.35,0.33,2.1,336.4
2864.4,17.0,5.9,32.5,13.6,1.56,2.65,0.23,0.68,1.6,135.5
1004.1,15.0,6.1,86.8,33.5,2.85,2.86,0.26,0.55,3.31,287.2
2297.9,19.9,0.8,54.8,31.9,1.7,2.47,0.37,0.56,1.57,161.3
2101.7,15.2,7.3,39.3,41.3,2.06,2.5,1.03,0.3,2.36,241.9
1226.8,24.6,27.3,68.3,35.5,2.08,3.13,1.33,0.59,3.58,366.9
782.5,21.3,1.0,54.5,34.8,1.47,2.01,0.35,0.69,3.91,106.8
2224.6,44.5,5.0,83.1,44.3,1.93,3.57,0.44,0.77,3.26,337.6
2468.1,7.2,24.5,126.4,35.0,2.52,1.94,0.42,0.67,2.26,324.3
1283.8,10.7,30.5,122.0,40.6,3.21,2.7,0.6,0.55,2.74,375.9
2205.5,7.1,12.2,81.9,54.1,1.97,1.86,0.36,0.62,3.14,151.9
1506.4,30.0,24.0,89.1,35.4,2.15,3.23,1.56,0.49,3.77,429.8
2397.0,7.2,9.8,104.1,47.7,2.88,2.1,0.25,0.31,3.82,315.8
957.8,38.5,3.5,72.4,40.7,2.27,3.86,0.97,0.77,3.97,342.7
2892.6,25.5,10.2,73.1,21.3,2.53,2.97,2.02,0.52,3.56,344.4
1204.7,26.1,17.3,89.6,38.6,2.7,3.27,0.81,0.57,1.3,418.8
1429.8,27.5,59.2,234.0,63.3,5.12,4.55,2.71,0.84,3.34,904.6
562.7,11.8,1.4,34.2,28.8,1.55,2.14,0.65,0.84,3.57,112.1
712.2,12.9,14.2,39.8,21.1,1.68,2.07,0.39,0.56,3.78,183.2
1844.4,17.8,8.0,55.4,21.0,1.49,2.34,0.41,0.17,3.94,260.9
1149.3,28.7,14.2,102.6,34.7,2.22,3.45,0.88,0.43,2.53,383.0
2739.3,13.4,0.5,52.9,28.7,1.52,2.06,1.0,0.81,3.03,150.3
441.1,9.7,7.5,26.2,34.2,2.23,1.88,0.55,0.35,0.83,187.1
1461.5,43.8,34.3,144.0,60.5,3.8,4.62,2.52,0.85,2.75,656.0
1344.6,5.9,16.1,68.1,43.4,2.55,2.01,0.16,0.21,2.41,213.2
454.1,37.1,12.0,62.1,38.1,1.89,2.7,0.83,0.55,4.07,315.1
748.2,36.5,6.7,42.1,19.5,2.03,3.43,0.56,0.51,3.87,263.2
1558.2,16.9,7.1,72.3,29.7,2.48,2.56,0.46,0.33,3.51,291.6
1780.0,10.4,9.7,78.9,35.9,2.6,2.55,0.9,0.81,0.99,252.7
1532.0,10.8,36.1,165.7,44.8,3.8,2.64,0.8,0.58,2.17,526.6
1886.6,32.9,68.4,279.2,74.9,7.24,5.1,3.94,0.31,3.17,1200.0
2066.4,30.7,11.5,56.7,36.0,2.11,3.1,0.75,0.42,0.9,340.8
427.8,36.3,10.0,82.9,39.2,3.06,3.86,0.61,0.65,1.6,413.9
1699.5,42.5,37.5,121.9,50.1,2.89,4.02,3.9,0.36,3.82,661.7
3097.8,32.7,11.1,94.3,29.7,2.65,3.41,0.67,0.77,1.24,404.3
1853.3,11.2,16.1,106.9,46.7,2.79,2.13,0.44,0.27,0.97,337.0
2297.1,14.7,5.3,74.6,27.9,1.76,2.07,0.18,0.34,2.77,181.6
1273.2,38.7,27.2,113.6,32.9,3.24,3.88,2.02,0.25,4.02,584.7
2567.2,13.4,15.2,91.3,40.7,1.85,2.34,1.41,0.22,3.64,286.3
2564.2,7.9,33.1,81.1,44.3,2.06,1.99,0.48,0.36,4.11,326.7
1859.6,33.1,30.3,123.7,46.2,2.47,3.27,1.91,0.85,3.36,493.7
3132.8,21.1,4.8,22.1,24.1,1.98,2.95,0.18,0.22,2.29,238.0
751.5,41.8,25.1,85.2,37.8,2.54,3.74,2.34,0.3,4.02,542.5
447.5,31.0,32.2,151.4,48.3,4.57,4.32,2.07,0.34,2.25,769.0
2556.4,8.6,8.5,83.0,25.9,2.58,2.13,0.6,0.58,1.99,241.6
2660.0,42.9,3.8,23.4,14.3,1.55,3.83,0.53,0.67,2.32,258.1
736.6,15.3,0.1,74.2,32.7,1.88,2.21,0.95,0.68,3.57,182.6
1143.6,18.5,12.0,116.7,41.7,2.41,2.62,0.58,0.16,3.92,361.6
449.1,21.1,8.7,68.3,32.4,2.29,2.62,0.59,0.61,2.02,275.0
1221.3,7.0,16.2,93.8,42.3,2.42,2.07,0.67,0.59,2.37,198.1
2564.8,24.9,4.2,72.9,31.4,1.59,2.83,0.47,0.51,3.85,225.1
1850.3,9.9,39.3,111.7,44.6,2.22,2.28,0.73,0.42,0.96,375.3
1374.7,21.0,6.0,54.6,28.7,1.47,2.29,0.36,0.71,3.47,172.0
1440.9,19.0,5.1,91.0,51.0,3.14,3.36,0.2,0.39,2.34,339.2
403.8,35.9,13.1,101.0,38.8,3.56,4.19,1.01,0.31,2.08,537.6
1239.4,37.1,13.8,110.3,58.6,3.0,3.67,1.23,0.37,2.32,474.0
2210.1,11.1,4.8,36.0,29.3,1.61,1.51,0.14,0.46,2.22,101.3
3127.7,19.7,6.3,41.0,25.7,1.51,2.13,0.61,0.3,3.37,232.4
2771.8,19.9,3.7,39.3,19.9,1.23,2.23,1.02,0.58,3.96,197.4
466.1,11.1,25.3,99.3,26.3,3.1,2.67,0.63,0.77,2.47,337.8
2916.0,36.9,29.4,102.8,30.6,3.59,4.38,1.91,0.57,3.63,590.6
2593.0,33.3,12.4,76.1,26.7,1.88,2.81,1.58,0.46,3.29,374.1
2585.1,12.6,25.0,130.0,46.6,3.05,2.47,1.0,0.71,1.92,397.0
1682.4,19.7,26.6,150.7,42.9,3.28,2.74,0.92,0.67,2.8,479.9
1514.4,9.2,3.0,67.7,33.7,1.86,1.54,0.26,0.41,3.07,177.4
1248.2,30.1,67.7,215.0,68.9,5.95,4.6,3.85,0.57,0.88,1090.0
583.9,9.9,34.4,93.4,36.1,1.99,2.05,0.91,0.66,2.15,314.1
1039.1,44.4,4.6,22.4,40.7,1.6,3.71,0.72,0.32,4.17,277.3
1090.5,36.2,4.1,72.4,23.6,2.41,3.23,0.58,0.41,2.97,352.4
1755.4,20.6,2.7,51.1,28.0,1.72,2.18,0.73,0.22,1.94,231.7
2492.8,28.1,3.0,54.0,25.4,2.19,2.52,0.29,0.84,1.65,207.6
1726.7,41.5,27.6,78.9,41.7,2.67,3.9,2.4,0.21,1.51,527.5
562.0,27.2,12.7,64.8,13.7,2.5,2.88,2.46,0.27,2.17,422.0
3081.8,12.0,30.6,109.1,28.1,2.12,2.54,0.81,0.49,1.46,346.0
3039.6,20.1,27.4,150.3,46.2,3.34,3.19,1.55,0.76,1.26,483.3
2598.5,38.7,18.6,136.6,57.0,3.38,3.99,1.31,0.4,2.04,533.4
3175.7,30.8,23.2,93.6,38.7,1.58,2.66,1.32,0.69,2.86,310.0
1924.6,31.0,0.4,47.0,17.7,1.27,2.33,1.11,0.62,1.3,206.6
3095.8,39.7,7.5,93.3,27.2,2.15,3.18,0.5,0.6,0.95,350.3
611.7,40.8,20.3,115.1,54.1,3.5,4.03,1.48,0.74,0.92,579.4
1423.9,41.8,0.2,44.2,23.0,1.38,3.11,0.28,0.16,1.71,274.9
1031.1,8.8,0.7,74.2,25.8,1.79,1.57,0.22,0.8,1.45,85.5
948.3,26.8,38.2,142.6,57.5,3.99,3.8,2.1,0.73,2.63,633.0
794.2,34.6,23.0,142.2,53.7,2.87,3.72,1.42,0.81,2.35,518.6
2142.8,35.3,6.2,40.1,37.4,0.85,2.6,0.39,0.71,1.9,174.0
2587.7,29.3,23.3,113.0,32.7,2.75,3.76,1.32,0.77,3.63,465.3
2019.2,11.7,31.4,142.8,33.5,2.67,1.92,0.91,0.29,2.52,429.4
811.5,36.9,7.3,28.6,26.2,0.93,2.85,0.78,0.37,1.11,256.2
2671.1,33.8,0.7,66.6,34.7,2.24,3.22,0.41,0.37,1.81,346.5
2180.7,8.4,54.0,160.3,51.8,3.96,2.64,1.08,0.23,4.11,585.9
1486.9,23.6,8.5,91.3,48.3,2.77,2.83,0.45,0.66,4.12,338.6
2287.6,12.0,2.3,56.6,16.3,2.3,2.2,0.62,0.25,1.67,231.8
1127.7,18.5,13.5,51.7,36.2,2.35,2.5,0.45,0.19,1.37,274.5
1366.5,5.7,29.3,107.8,30.6,1.81,1.58,0.37,0.69,2.49,241.3
2969.0,21.0,5.0,67.0,38.9,2.22,2.3,0.71,0.78,2.44,265.4
1213.4,27.0,6.3,66.7,28.2,1.83,2.34,0.41,0.68,2.19,258.3
1716.0,29.8,5.6,47.9,22.1,1.45,2.65,0.55,0.73,2.6,163.9
2892.4,31.5,95.8,301.3,69.4,7.61,5.47,5.19,0.57,1.59,1200.0
2381.6,38.5,4.4,52.1,17.8,1.12,2.95,0.56,0.77,1.19,240.5
574.2,13.6,17.1,79.2,34.6,1.56,1.93,0.56,0.5,2.74,229.8
812.4,9.8,51.9,168.9,44.2,3.99,2.73,2.91,0.84,3.97,642.2
422.0,39.1,3.2,81.6,41.0,2.46,3.58,0.38,0.22,1.27,346.2
2166.6,11.3,70.7,225.9,65.8,4.91,3.13,1.72,0.72,3.2,802.1
1653.5,44.0,58.9,222.5,73.6,5.68,5.71,5.2,0.6,2.29,1134.4
776.0,38.7,43.2,185.7,56.3,4.92,4.52,3.19,0.56,1.8,854.3
3082.2,25.0,4.8,37.7,31.0,1.87,2.58,0.54,0.66,3.7,179.2
1883.0,44.3,20.1,81.5,45.9,2.62,3.79,1.82,0.74,2.35,440.7
1077.3,8.9,28.6,110.5,34.9,2.27,1.85,0.7,0.75,2.78,277.7
1801.7,17.1,85.4,354.9,72.0,7.09,4.63,3.1,0.27,2.31,1200.0
2302.9,30.5,4.0,60.3,32.5,2.28,3.1,0.22,0.29,1.08,323.7
613.5,19.0,29.1,129.8,32.0,3.63,3.05,1.79,0.16,2.82,554.1
1169.2,42.1,8.3,91.6,56.1,2.42,3.7,0.93,0.24,2.22,461.0
2659.5,7.6,3.9,61.7,42.8,1.84,1.6,0.8,0.33,1.09,176.8
1687.1,27.0,10.9,90.3,53.6,2.43,3.12,0.5,0.65,2.83,331.7
1930.4,28.6,31.6,141.3,45.9,3.6,4.14,2.32,0.48,0.83,639.5
1611.9,31.1,12.5,63.1,35.8,1.84,2.74,0.7,0.68,1.51,258.4
522.9,15.2,15.4,95.5,33.5,1.35,2.04,0.9,0.49,3.46,244.9
864.1,19.6,106.6,390.3,97.3,9.0,5.62,3.7,0.54,0.93,1200.0
1647.5,38.7,10.2,61.9,21.4,2.72,3.9,1.11,0.23,3.0,439.6
985.7,12.8,19.1,90.7,16.0,2.15,2.36,0.8,0.69,4.03,271.1
539.9,38.1,9.1,62.4,24.9,1.59,3.24,0.65,0.68,1.38,266.4
2762.2,27.5,10.0,56.7,18.6,1.84,2.77,0.75,0.37,2.22,289.7
3147.3,35.5,23.8,78.5,45.9,2.45,3.34,1.54,0.38,2.76,456.9
2620.8,33.5,55.6,164.7,64.2,4.93,4.28,3.44,0.3,2.33,962.2
2790.6,13.3,15.6,85.0,24.1,2.34,2.27,0.88,0.72,2.91,272.0
1077.5,27.8,29.3,149.4,57.2,3.34,3.14,1.39,0.67,2.17,532.7
3089.8,39.7,1.9,38.4,34.5,1.07,2.89,0.41,0.58,1.3,224.0
951.4,22.3,4.7,62.8,18.7,2.31,3.0,0.56,0.32,1.1,269.1
3064.0,43.7,13.9,102.9,35.4,2.97,4.12,1.16,0.27,3.33,477.6
3185.5,23.1,0.4,77.5,29.3,2.59,3.12,1.24,0.19,1.61,346.3
2392.8,10.7,5.8,64.5,37.6,1.6,2.2,0.4,0.18,3.68,228.3
3147.2,20.6,14.6,37.3,16.9,2.34,2.61,0.58,0.28,3.33,314.2
1994.7,43.1,0.3,78.5,33.3,1.48,3.45,0.07,0.22,0.97,268.8
1126.7,17.8,6.1,69.0,26.9,2.35,2.44,0.49,0.54,1.48,264.6
1623.6,39.7,14.4,64.1,35.3,1.38,2.98,1.14,0.4,1.79,290.6
2062.0,40.3,17.0,53.1,27.8,1.65,3.09,1.23,0.46,2.82,358.0
604.6,19.0,52.0,195.2,50.9,5.0,3.99,1.66,0.57,3.55,807.8
2142.6,8.3,20.7,80.5,32.8,2.59,2.21,0.62,0.61,1.01,243.1
3147.3,34.0,10.7,34.1,42.4,1.43,3.38,0.97,0.6,1.65,284.7
932.3,17.5,53.3,177.0,48.5,3.85,3.42,1.61,0.33,2.08,722.2
2619.3,36.3,30.7,127.9,34.7,3.3,3.69,2.23,0.72,1.42,577.7
2942.1,22.7,4.5,67.2,36.8,2.25,2.93,1.38,0.79,2.65,274.8
3042.4,24.4,2.8,74.7,32.3,2.64,2.91,1.65,0.37,2.43,389.5
3088.4,36.1,22.5,136.9,33.3,3.11,4.09,2.23,0.16,1.88,588.0
1860.1,20.3,16.4,117.9,59.1,2.3,2.5,1.21,0.78,2.56,313.3
3136.5,22.7,31.2,167.3,47.3,3.87,3.19,1.27,0.8,2.01,548.0
2520.5,20.0,26.8,111.0,36.9,2.66,2.57,0.97,0.19,1.97,437.1
852.7,19.7,19.6,142.5,46.9,2.78,2.62,0.88,0.15,1.7,453.2
1735.3,26.0,85.9,350.0,96.8,8.3,5.4,4.12,0.72,2.64,1200.0
2411.3,37.4,15.3,51.1,15.8,1.76,3.09,1.71,0.36,2.31,360.9
1092.6,19.5,2.4,61.7,33.3,2.06,2.69,0.18,0.79,1.47,176.7
2193.7,26.0,35.2,147.5,63.2,3.37,3.84,1.79,0.3,0.84,600.8
2266.5,31.8,5.8,85.2,36.4,2.53,2.97,0.72,0.75,1.31,304.5
855.6,15.8,30.0,119.5,31.6,2.4,2.76,1.03,0.2,0.95,409.9
1982.2,16.1,63.0,215.8,53.9,4.39,3.24,1.93,0.33,2.27,760.0
2560.6,42.3,23.9,53.1,31.2,1.98,3.67,1.79,0.83,1.57,382.1
1796.9,33.9,18.1,68.6,43.0,2.96,3.19,2.75,0.31,2.23,463.5
433.9,28.1,12.3,41.9,24.8,2.02,3.02,0.84,0.24,1.92,328.8
425.3,30.9,9.1,74.1,40.0,2.64,2.81,0.77,0.75,2.63,311.7
1399.7,6.2,8.7,90.4,24.8,2.93,2.28,0.19,0.23,3.26,290.1
2993.3,29.7,20.2,80.3,22.9,3.77,3.82,1.29,0.22,2.43,530.2
1040.3,25.4,27.8,110.7,36.1,2.9,3.2,1.3,0.38,1.01,474.1
2176.2,26.8,22.7,83.2,46.5,3.07,3.11,1.11,0.59,0.86,451.0
1021.8,19.4,4.4,25.4,25.1,1.8,2.49,0.27,0.65,1.52,130.9
1300.7,8.3,13.6,83.1,37.3,2.68,2.29,0.19,0.77,2.24,201.5
2774.5,12.7,31.4,70.1,34.8,2.88,2.46,1.0,0.53,0.95,368.3
2440.8,43.0,12.9,83.1,43.8,2.3,3.93,1.12,0.43,1.91,413.5
667.1,21.3,15.4,42.8,22.8,1.51,2.3,1.46,0.4,3.82,274.7
1600.4,23.7,29.5,82.4,40.3,2.61,3.07,1.18,0.74,1.11,402.9
481.7,7.1,21.7,120.6,35.1,2.78,2.15,0.27,0.66,4.02,286.1
1746.5,6.5,10.5,71.6,48.8,2.23,1.96,0.98,0.78,3.71,215.3
2254.8,33.7,45.2,112.3,33.8,3.77,4.1,2.59,0.82,3.63,625.8
731.8,26.5,3.5,57.5,23.3,1.69,2.56,0.16,0.36,3.74,233.1
1208.9,25.3,108.1,400.0,96.4,9.0,5.58,4.65,0.52,1.07,1200.0
1513.9,14.7,2.5,65.5,32.4,2.06,2.31,0.76,0.59,1.31,213.2
2974.7,34.8,0.3,15.8,25.5,1.15,3.13,0.67,0.26,1.26,223.1
3181.1,11.7,44.1,193.2,56.6,3.39,2.76,1.03,0.19,1.18,571.7
525.8,12.6,5.6,68.5,23.6,1.81,2.1,0.56,0.76,1.91,143.1
2530.8,23.4,26.2,72.4,45.9,2.61,2.91,1.3,0.52,3.62,407.2
1440.8,16.5,33.3,149.3,54.0,4.08,3.42,1.85,0.55,1.66,593.7
1498.9,14.9,39.2,199.0,66.7,3.87,3.01,1.0,0.54,1.63,625.6
2511.9,30.8,95.6,248.0,60.4,5.84,4.63,5.5,0.68,3.1,1200.0
2971.6,31.0,7.0,83.0,38.3,2.33,3.45,0.44,0.25,1.13,383.3
3062.6,38.0,24.8,134.1,45.7,2.56,3.49,1.77,0.58,2.02,490.8
2015.9,21.7,2.5,59.3,39.7,1.73,2.66,0.17,0.48,1.8,237.4
1399.9,7.9,10.4,82.4,44.1,1.57,1.96,0.62,0.78,3.68,171.4
2605.1,15.9,37.7,167.9,51.8,4.34,3.47,1.45,0.51,2.55,653.4
1102.8,44.2,9.2,74.3,21.2,1.88,3.32,0.99,0.81,3.0,306.5
1979.4,28.9,17.9,74.9,47.7,3.0,3.38,1.34,0.4,1.24,453.3
1404.0,33.4,14.0,70.4,37.1,2.66,3.39,1.19,0.83,3.96,378.7
2238.6,5.3,20.8,141.5,40.6,2.9,2.02,0.78,0.76,1.9,327.7
1073.1,25.7,72.2,168.2,53.5,3.98,3.69,3.2,0.56,3.2,770.0
936.5,6.5,1.1,61.2,18.9,1.84,1.92,0.24,0.4,4.05,128.6
2971.1,27.8,17.1,126.0,51.1,3.06,3.23,0.86,0.41,2.53,437.6
685.1,41.8,39.8,130.9,31.8,3.57,4.23,3.0,0.69,2.53,697.7
1816.7,43.7,13.1,119.4,39.7,2.68,3.91,1.44,0.56,1.2,474.6
1018.4,26.6,1.6,59.6,32.7,2.21,3.19,0.54,0.43,2.13,267.1
509.0,23.3,16.4,65.1,40.0,2.22,2.68,1.13,0.6,3.7,299.7
500.9,42.8,8.1,93.5,37.7,2.38,3.48,0.72,0.66,1.26,407.6
890.6,31.9,3.4,34.1,31.2,1.26,2.34,0.61,0.17,3.92,240.0
2827.0,7.6,37.8,123.1,41.9,2.88,2.34,0.66,0.21,3.07,436.5
1190.9,23.6,14.7,64.5,31.4,1.74,2.35,1.74,0.22,2.23,322.1
3061.3,14.6,54.1,155.4,48.7,3.7,3.14,1.49,0.31,2.66,635.7
2028.5,23.8,32.8,117.2,39.6,3.07,2.81,1.67,0.45,1.31,485.7
1622.5,23.2,23.6,88.7,22.5,2.54,2.75,1.47,0.71,1.54,385.2
2024.2,28.3,0.1,52.8,23.4,2.5,2.78,0.95,0.4,1.77,277.1
1846.8,19.3,11.2,89.2,38.0,2.36,2.71,0.59,0.16,2.11,353.1
2524.6,11.6,4.4,41.5,25.5,2.04,2.23,0.26,0.49,3.91,155.2
1191.0,25.1,48.3,174.8,50.2,4.26,3.83,2.25,0.85,2.05,730.6
1388.5,38.2,3.8,65.0,29.1,1.92,3.08,0.4,0.39,2.58,344.3
2903.5,31.6,6.7,77.2,27.0,2.16,2.94,0.78,0.82,1.35,285.9
3050.1,18.5,14.5,104.9,34.9,2.63,2.75,1.53,0.22,3.3,436.1
2899.2,42.4,6.1,17.4,20.7,1.42,2.91,0.49,0.27,2.7,280.9
1574.5,41.5,4.7,82.4,34.9,1.91,3.45,0.65,0.66,2.3,291.2
2585.0,13.4,18.3,91.2,39.6,1.87,2.46,1.32,0.5,4.02,301.3
1733.7,6.6,1.9,56.7,28.8,2.12,1.81,0.06,0.69,3.83,138.9
1793.1,34.7,1.2,15.8,14.6,1.6,2.66,0.34,0.75,3.04,188.3
973.1,38.1,9.3,69.6,21.3,2.41,3.41,1.39,0.33,3.93,408.7
2055.2,43.7,25.5,95.5,58.0,3.07,3.98,2.78,0.63,2.72,575.4
921.2,40.6,16.2,74.2,24.3,2.56,4.29,1.38,0.58,3.61,437.7
1328.4,29.0,11.0,64.2,27.4,2.33,3.49,0.54,0.75,2.19,299.6
2794.1,26.2,16.7,100.5,42.2,2.99,3.41,0.77,0.45,1.09,395.9
979.8,6.1,9.1,88.5,38.8,2.0,1.7,0.45,0.19,4.18,229.5
599.2,14.9,55.0,188.7,58.1,3.81,3.34,1.42,0.55,1.36,626.8
593.2,23.4,1.1,48.3,25.2,1.58,2.17,0.11,0.82,1.66,132.6
3034.2,30.1,22.4,89.1,37.9,2.56,3.5,1.72,0.16,1.35,465.6
1819.4,27.3,44.4,203.7,57.1,4.57,4.23,2.57,0.32,1.95,822.1
1546.4,34.7,32.6,115.9,38.4,2.37,3.34,2.62,0.37,1.78,523.8
2670.5,16.2,4.1,35.7,28.4,2.24,2.68,0.15,0.69,2.84,183.0
2740.3,27.6,7.0,37.0,35.1,1.51,2.52,0.41,0.38,4.19,217.4
1330.1,8.5,25.2,99.0,37.6,2.63,1.87,1.07,0.32,0.98,345.5
2342.1,21.5,1.8,48.4,28.6,2.23,2.9,0.57,0.6,3.45,199.3
2559.1,35.0,33.4,78.8,42.7,1.69,3.06,2.61,0.18,1.24,482.1
2233.0,32.7,25.4,151.3,54.9,3.47,3.92,3.22,0.27,0.87,699.4
824.5,44.6,26.2,107.3,52.0,2.99,4.61,2.74,0.44,2.97,636.5
2852.5,16.1,2.1,59.1,16.6,1.76,1.99,0.35,0.4,3.77,197.0
1909.5,24.9,25.3,79.3,41.5,2.35,2.84,1.2,0.39,1.4,385.3
1190.9,18.2,22.8,91.8,41.3,3.11,3.27,1.03,0.23,1.96,455.3
1590.6,22.6,35.5,141.9,38.5,3.67,3.53,1.75,0.4,1.37,588.5
505.2,39.3,0.8,71.2,34.8,2.46,3.47,0.22,0.71,3.88,298.9
758.0,32.4,0.5,28.0,33.5,1.44,2.6,0.61,0.44,1.72,195.8
2543.5,40.3,9.3,44.0,21.3,1.17,2.99,0.67,0.56,2.31,280.5
400.0,13.1,3.2,46.5,31.9,0.88,1.44,0.68,0.26,3.84,163.0
1566.4,39.9,16.3,74.2,40.3,1.73,3.41,1.1,0.2,2.68,396.8
1863.0,7.4,49.9,168.5,41.8,3.81,2.68,0.89,0.77,3.97,578.2
553.0,40.5,9.9,101.2,37.1,2.66,3.87,1.46,0.38,3.95,474.5
3124.6,18.2,37.3,140.5,47.7,3.31,2.76,1.16,0.4,2.37,533.5
1033.2,17.6,0.0,9.7,15.4,1.0,1.89,0.29,0.76,2.78,70.7
1251.8,25.5,3.7,80.1,27.4,3.03,2.7,0.23,0.65,1.58,284.0
1251.0,42.6,0.6,9.8,20.7,0.82,3.11,0.94,0.68,4.17,178.4
1045.2,6.9,8.0,92.4,43.0,2.78,2.46,0.81,0.63,1.75,269.5
404.1,19.1,47.8,158.3,53.6,3.81,2.89,2.61,0.22,3.46,691.7
2442.2,39.3,2.0,79.4,27.4,2.19,3.64,0.97,0.82,1.86,331.9
3107.2,20.8,18.6,58.0,35.7,2.46,2.57,1.18,0.79,1.86,285.0
1028.0,13.0,12.0,48.4,22.0,2.34,2.48,0.34,0.32,1.15,250.2
2256.5,22.0,55.8,185.5,40.5,4.13,3.57,2.19,0.71,2.7,728.7
2477.3,20.4,2.6,43.8,25.0,1.99,2.59,0.36,0.44,1.63,215.0
2775.6,41.6,4.8,46.2,37.3,1.9,3.53,0.69,0.63,1.3,293.7
1583.4,35.5,0.6,78.8,39.4,2.19,3.67,0.65,0.27,1.57,318.7
1248.2,25.2,11.4,101.8,38.3,2.71,3.14,0.58,0.53,1.65,315.7
1310.8,44.5,6.5,76.7,30.5,1.95,3.5,0.54,0.24,2.51,351.3
2395.3,23.6,40.8,105.9,35.9,2.77,3.03,1.87,0.53,2.11,490.5
2687.0,7.3,18.6,119.9,42.5,2.62,2.03,0.3,0.32,1.06,297.0
908.5,15.5,19.0,116.1,32.4,3.19,2.82,0.96,0.47,2.62,415.0
1438.6,22.4,15.2,86.7,32.8,2.36,2.65,0.91,0.62,3.48,346.1
2925.4,11.3,1.9,80.4,32.8,1.69,1.73,0.58,0.76,2.75,169.7
2658.7,42.9,11.8,45.7,17.4,1.47,3.43,0.87,0.27,4.11,346.9
3157.6,35.7,140.0,400.0,85.3,9.0,6.42,5.5,0.78,1.14,1200.0
2511.9,15.7,36.1,90.7,39.6,2.36,2.69,0.95,0.42,3.59,367.7
1500.9,28.6,44.8,170.3,50.7,4.15,3.77,2.29,0.74,2.52,699.0
2053.8,33.9,34.7,120.4,39.2,3.16,3.19,2.41,0.51,2.57,597.2
2250.8,42.7,2.2,36.0,19.2,2.35,3.67,0.17,0.75,2.56,265.7
619.7,40.3,5.2,29.1,37.9,1.74,2.96,0.38,0.61,1.91,235.9
1924.6,25.6,0.1,8.2,14.8,1.34,2.56,0.03,0.51,1.9,174.6
2386.1,36.0,7.2,35.3,28.4,0.94,2.38,0.78,0.37,2.95,239.7
868.5,27.5,2.3,46.9,24.5,1.57,2.41,1.01,0.83,0.95,234.5
2585.8,27.1,12.8,53.9,30.0,1.71,2.61,0.9,0.71,2.8,213.3
2034.6,9.6,22.6,95.0,40.8,2.19,2.43,0.73,0.42,3.26,292.4
3066.2,10.0,41.5,205.7,46.1,3.94,2.58,0.86,0.27,2.01,629.0
518.8,26.2,27.7,113.9,40.5,2.25,2.9,1.21,0.7,1.54,401.1
1142.9,15.8,55.8,196.0,64.8,3.94,3.28,1.47,0.84,1.53,608.2
2084.4,5.8,1.1,11.1,36.1,1.52,1.92,0.89,0.35,1.08,111.5
1230.4,33.9,0.2,33.2,24.9,1.44,3.11,0.06,0.79,1.11,225.4
2400.4,6.3,21.7,107.7,39.7,2.46,2.27,3.61,0.24,1.37,450.7
2525.2,28.8,6.8,33.9,43.8,1.58,2.94,0.4,0.82,0.87,204.0
687.0,26.6,5.8,33.4,35.1,2.02,2.51,0.71,0.67,1.71,208.5
1838.8,43.8,8.0,90.0,31.3,2.45,3.96,1.78,0.39,1.84,461.9
1824.9,24.4,6.3,92.9,31.8,2.65,3.2,0.44,0.36,4.18,345.9
1434.0,7.5,14.3,56.9,37.9,1.55,1.41,0.71,0.6,4.17,187.9
3012.2,27.1,11.6,55.8,22.0,1.65,2.53,0.7,0.57,1.44,275.7
2717.0,38.6,14.4,121.9,50.6,3.22,3.76,1.07,0.79,1.52,482.9
2352.2,44.9,22.3,74.1,36.0,3.19,4.45,1.76,0.69,2.47,519.9
2400.1,22.2,9.8,85.8,39.6,2.93,2.99,1.05,0.53,1.31,329.5
1692.8,17.8,5.8,90.0,34.2,2.61,2.56,0.29,0.8,2.51,218.3
2978.8,41.3,3.6,87.5,30.7,2.41,3.4,0.38,0.56,2.16,352.7
2344.9,12.6,8.6,68.0,43.9,2.62,2.37,2.93,0.74,1.9,346.1
2441.1,29.6,27.1,66.8,30.1,2.53,3.05,1.5,0.74,3.6,420.8
2812.7,21.2,28.3,76.4,30.5,1.39,2.32,1.22,0.79,3.62,263.2
1167.4,6.6,22.0,148.3,46.1,2.86,1.91,2.09,0.2,4.16,420.1
2659.8,18.9,5.3,85.5,36.9,2.45,2.67,0.35,0.56,1.56,290.7
946.7,15.6,17.7,111.9,31.9,2.04,2.16,0.64,0.48,3.82,288.3
1367.0,32.4,16.9,98.2,33.1,2.27,2.91,1.62,0.49,2.63,377.2
1339.7,43.0,13.2,92.5,31.7,2.27,3.41,1.1,0.47,2.81,406.0
3139.9,15.7,16.0,103.8,45.4,2.56,2.22,0.52,0.74,3.85,284.6
2798.3,37.5,13.5,106.6,32.1,2.63,3.58,1.07,0.37,4.0,478.5
2363.3,7.2,16.7,102.9,24.5,2.45,2.07,0.68,0.47,3.27,307.4
2435.8,26.5,25.1,113.0,24.6,3.17,3.4,1.13,0.29,1.98,487.5
1973.8,7.8,2.3,30.3,13.7,1.35,1.65,0.22,0.33,2.46,138.3
3051.9,42.4,27.7,121.7,52.8,3.22,3.95,2.13,0.61,2.89,589.6
1789.5,35.7,2.9,48.0,28.8,1.21,3.17,0.29,0.23,3.62,278.6
1465.4,31.3,1.4,30.0,29.4,1.87,2.87,0.5,0.28,3.04,279.6
856.5,38.0,74.7,275.2,73.8,6.72,5.61,4.86,0.52,2.04,1200.0
2601.4,30.9,62.9,197.3,56.0,4.49,4.1,3.61,0.18,2.22,952.8
2456.4,43.8,1.2,78.3,33.5,2.28,3.88,0.37,0.24,0.97,366.3
1476.2,33.6,11.7,47.9,37.0,1.54,2.89,0.75,0.75,3.94,270.3
470.5,42.0,4.1,61.3,32.2,1.76,3.56,0.41,0.74,1.1,279.1
2749.2,25.7,13.3,49.3,40.1,1.96,2.74,0.64,0.39,2.77,304.0
432.0,9.7,35.5,177.9,57.0,3.71,2.93,0.6,0.39,3.76,571.6
2370.4,26.1,60.2,164.6,44.7,5.02,3.93,3.01,0.81,2.23,858.9
3116.7,10.1,20.1,120.0,37.6,2.84,1.91,0.78,0.17,3.52,382.2
1625.5,28.7,8.7,90.4,30.4,2.67,2.97,0.49,0.56,3.53,343.0
1057.9,24.3,18.5,65.2,41.5,1.37,2.67,1.13,0.57,1.0,215.0
2373.6,29.9,7.5,97.9,34.4,2.19,3.02,1.98,0.7,2.2,348.8
2688.0,5.4,48.1,163.1,43.0,3.11,2.27,0.46,0.82,3.15,458.7
1930.0,12.8,40.9,154.9,50.4,3.18,2.38,1.14,0.4,2.24,532.8
3107.7,24.7,16.3,62.5,30.5,2.21,2.82,1.2,0.46,2.65,317.0
544.7,43.0,7.9,48.5,31.1,2.23,3.48,0.58,0.62,2.82,327.4
1813.4,20.3,6.9,46.7,43.5,1.89,2.22,0.84,0.83,1.31,189.5
2411.7,22.0,0.7,73.2,40.5,2.01,2.48,1.58,0.77,2.2,265.5
2815.4,33.6,33.8,163.6,49.7,3.7,4.03,1.93,0.62,0.9,697.8
901.9,29.2,12.0,49.3,17.6,2.24,3.18,1.27,0.75,1.31,318.3
2640.0,17.0,7.9,56.7,26.2,2.71,2.79,0.41,0.21,2.54,288.1
1947.6,21.4,12.7,74.8,39.2,2.27,2.27,0.52,0.41,2.75,292.3
1510.4,13.7,34.2,99.3,28.5,2.98,2.6,1.05,0.16,1.3,484.1
768.8,43.6,2.7,41.3,44.6,1.8,3.52,0.22,0.27,3.37,270.8
2822.8,10.2,39.0,123.9,42.4,3.31,2.19,0.96,0.59,2.07,435.5
840.4,19.9,45.6,199.1,56.2,3.97,3.36,1.52,0.77,3.93,667.6
1267.4,6.0,58.6,169.6,45.2,3.49,2.38,1.11,0.59,2.12,585.3
1212.1,13.9,10.1,82.4,38.8,2.44,2.5,0.5,0.61,1.31,273.5
2840.0,36.2,4.9,30.0,16.1,1.96,3.29,0.54,0.22,3.38,284.6
2283.6,13.0,9.4,86.4,52.9,2.03,2.0,0.29,0.62,2.73,227.5
2630.7,8.2,8.1,79.5,44.8,1.41,1.85,0.29,0.47,2.11,176.5
1101.3,24.0,3.9,79.7,42.2,2.03,2.13,0.24,0.61,2.01,240.9
2149.6,5.4,18.7,74.1,22.2,2.54,1.97,0.7,0.38,1.31,273.4
2000.9,8.4,12.9,98.0,39.3,1.87,1.4,0.27,0.56,1.96,207.0
2731.9,37.3,40.2,205.7,66.7,4.5,4.24,2.88,0.45,0.9,829.4
2937.0,35.9,0.7,39.7,31.9,1.66,3.25,0.17,0.54,2.51,282.0
434.0,41.6,20.6,98.7,29.8,2.66,3.53,1.86,0.25,3.85,523.6
2287.3,39.2,28.8,143.1,40.6,3.79,3.88,2.19,0.43,3.5,678.8
545.1,32.3,28.5,138.7,41.3,2.93,4.1,1.76,0.41,0.9,558.0
1936.8,7.1,43.4,189.4,49.3,3.85,2.32,0.96,0.67,3.8,568.1
1205.4,36.3,26.1,153.8,59.9,4.29,4.73,1.8,0.64,2.34,655.8
1259.0,38.8,52.6,212.1,42.8,4.48,4.49,4.09,0.79,1.45,873.4
1388.3,37.0,8.1,38.3,32.1,2.25,3.3,1.02,0.59,3.36,314.6
2139.6,25.3,14.0,53.1,19.2,1.43,2.63,0.9,0.37,1.9,314.0
1335.3,14.3,0.3,78.4,26.4,2.52,2.76,0.85,0.7,1.66,269.3
2451.6,38.8,0.1,29.3,10.0,1.29,2.81,0.72,0.5,1.35,208.8
1532.7,34.1,5.5,30.5,21.1,1.04,2.62,0.62,0.29,2.45,243.5
591.4,44.2,2.1,62.8,43.4,1.78,3.8,0.19,0.67,1.12,269.1
2594.5,11.2,6.0,73.7,35.4,2.34,2.26,0.45,0.24,3.47,264.9
1200.1,14.0,3.9,36.1,16.9,1.55,2.25,0.27,0.27,2.4,179.7
1611.7,13.5,0.6,28.6,33.3,1.88,2.22,0.32,0.68,2.32,147.4
2319.2,36.7,48.0,137.1,54.5,4.49,4.88,3.35,0.69,0.81,776.7
1330.9,12.5,0.2,7.2,22.1,0.63,1.53,0.42,0.7,3.58,10.5
558.4,7.7,26.6,137.4,61.0,2.67,2.22,0.79,0.36,2.48,384.4
1447.0,44.9,3.3,39.6,33.7,1.12,3.4,0.7,0.76,2.3,216.7
3044.5,6.0,48.7,225.4,66.0,4.19,2.73,0.53,0.66,3.39,594.3
2196.9,38.4,44.7,167.0,43.6,4.61,4.78,2.94,0.73,1.01,828.7
2280.1,19.6,21.2,112.6,45.3,3.08,3.0,1.09,0.65,2.05,396.2
2170.4,38.7,22.3,72.7,34.8,2.14,3.67,1.65,0.56,2.76,470.3
957.2,27.2,0.1,44.1,32.1,1.66,2.92,0.58,0.23,2.37,234.3
1571.3,41.1,83.8,246.9,59.0,7.07,5.92,5.5,0.65,1.42,1200.0
2502.6,42.0,42.0,134.2,45.2,4.49,4.82,3.03,0.63,1.82,803.6
683.8,5.4,45.1,173.0,44.6,3.79,2.3,0.73,0.37,1.82,518.0
1178.0,8.0,21.5,96.9,20.3,1.42,1.48,0.57,0.67,4.17,218.2
1173.7,15.0,8.5,86.3,43.5,2.46,2.64,0.34,0.54,1.91,276.5
1609.7,31.8,44.8,122.1,30.0,3.59,4.13,2.58,0.54,1.5,656.4
3145.0,40.5,6.9,37.4,27.6,1.72,2.89,0.48,0.41,3.6,286.8
589.0,23.4,16.5,131.5,46.3,3.42,3.14,0.66,0.23,2.23,496.6
1852.4,29.3,2.1,54.0,32.3,1.97,2.93,0.14,0.3,2.31,291.0
902.2,12.5,51.0,175.7,49.4,3.42,2.52,1.41,0.69,2.67,616.7
3117.9,37.2,3.0,54.2,31.9,1.49,2.9,0.99,0.34,2.83,267.9
717.2,43.7,5.1,30.8,29.3,1.39,3.5,0.49,0.15,2.81,272.4
1530.1,15.7,16.3,113.0,46.2,3.23,3.21,0.44,0.85,0.92,359.6
2466.1,24.8,28.9,74.1,47.2,2.11,2.25,1.69,0.3,3.58,354.9
2372.8,8.4,19.3,105.1,40.8,2.82,2.22,1.05,0.61,1.46,345.0
1583.6,27.4,5.3,62.5,31.8,2.1,3.0,0.3,0.8,1.79,238.5
1370.3,25.1,0.0,73.6,26.0,2.74,3.26,0.2,0.57,1.39,296.5
1513.3,10.8,28.3,136.8,48.1,3.17,2.62,0.58,0.71,3.41,394.5
1140.0,22.7,84.3,181.5,58.0,4.01,3.95,3.23,0.83,2.78,839.6
974.9,18.4,33.2,127.3,41.4,3.39,3.03,1.43,0.75,3.37,497.6
1752.5,25.9,12.3,45.3,32.5,2.63,3.38,1.9,0.54,3.02,368.5
1151.9,28.4,46.8,169.1,48.1,4.39,3.81,2.67,0.4,1.15,756.1
1204.9,5.3,10.5,30.2,30.8,1.15,1.38,1.77,0.49,1.83,156.6
2238.9,35.4,14.9,90.6,43.6,2.13,3.0,1.11,0.74,2.52,394.6
3111.9,33.5,13.0,43.5,35.0,1.41,3.11,1.64,0.75,1.84,287.3
2090.2,19.7,11.9,65.4,32.7,2.85,2.81,0.48,0.74,1.5,293.2
615.5,7.1,29.9,167.2,41.8,3.46,2.58,0.4,0.57,3.76,483.4
611.6,35.2,15.0,88.2,31.0,2.2,3.25,1.36,0.48,3.34,381.4
3064.0,43.2,7.6,31.2,30.4,1.49,3.55,0.73,0.37,1.97,318.4
1232.4,14.6,6.0,33.2,45.6,1.41,2.04,0.3,0.15,3.4,166.2
657.8,17.9,0.8,57.4,27.6,2.49,2.34,0.47,0.69,2.93,238.9
2077.3,12.4,17.5,121.5,45.5,2.5,2.09,0.52,0.34,0.81,355.4
2146.2,28.1,5.2,21.8,19.5,1.82,2.79,0.58,0.38,2.09,225.3
2215.8,11.2,3.2,73.9,25.5,2.17,2.27,0.2,0.74,1.79,170.9
1148.7,19.2,21.2,100.8,32.7,3.11,3.4,1.29,0.19,1.54,488.8
442.3,32.9,22.9,95.9,20.6,3.21,3.74,1.4,0.8,1.66,429.5
3102.0,27.4,27.9,148.7,57.6,3.66,3.84,1.58,0.15,4.0,616.7
1102.5,20.5,14.0,109.0,21.8,2.56,2.35,0.49,0.81,2.45,318.6
2292.9,21.8,44.9,214.5,56.5,4.74,4.3,2.26,0.47,3.68,812.1
2378.6,27.5,55.1,144.3,36.5,3.62,3.73,2.91,0.22,1.53,744.5
2108.0,5.2,32.9,107.5,32.3,2.0,1.72,0.37,0.62,1.39,229.8
1276.1,8.1,20.2,119.5,52.5,3.49,2.51,0.37,0.78,3.82,341.6
1159.1,40.3,7.2,48.6,30.4,1.91,3.17,0.61,0.46,2.49,321.5
2073.5,8.1,81.4,268.8,60.7,4.92,2.99,1.45,0.63,3.84,859.0
2825.1,33.3,6.4,42.8,23.0,0.86,3.1,0.67,0.84,1.01,165.2
3050.9,41.8,4.5,26.3,18.6,0.5,2.64,0.44,0.32,3.92,244.0
696.5,15.8,11.7,63.6,31.1,2.31,2.16,0.78,0.72,2.21,250.5
833.5,19.8,1.2,64.5,33.0,1.73,2.17,0.92,0.36,1.33,209.0
3045.3,27.8,76.8,299.7,89.1,7.0,4.81,3.57,0.45,3.12,1200.0
2462.3,40.3,17.8,75.9,18.3,2.45,3.7,1.41,0.35,3.51,426.1
2872.4,42.7,16.3,86.2,35.2,2.3,4.02,1.52,0.46,0.96,446.4
967.4,34.6,21.3,58.5,28.0,2.28,3.18,1.58,0.15,4.16,435.8
2045.2,8.5,13.7,115.5,48.4,2.82,1.92,0.2,0.36,3.17,294.8
2363.2,31.8,0.7,49.1,31.7,1.71,3.01,0.13,0.46,1.89,245.7
2304.3,21.4,19.0,98.3,42.4,2.0,2.53,0.7,0.59,1.31,330.8
1542.8,23.8,25.2,150.4,49.8,3.19,3.45,1.34,0.6,2.13,514.4
443.1,7.0,10.8,46.8,21.0,1.96,1.69,0.54,0.56,1.55,175.3
2032.2,12.6,28.3,96.1,47.0,2.32,2.19,0.67,0.36,2.48,311.3
1108.7,36.6,5.1,88.4,42.3,2.88,3.66,0.48,0.81,3.46,386.7
1660.7,23.2,5.0,22.7,31.4,2.31,2.8,0.35,0.42,3.04,231.2
3081.2,17.1,3.5,65.1,41.8,2.26,2.35,0.79,0.3,2.28,244.8
1517.3,20.4,9.3,108.5,42.9,3.3,2.94,0.4,0.54,1.2,382.1
2751.4,39.2,37.5,151.2,59.1,4.33,4.02,2.77,0.67,4.05,763.8
927.9,35.0,35.2,160.3,51.9,3.76,3.87,2.66,0.16,1.72,743.2
2282.9,15.9,9.7,99.1,36.1,2.62,2.73,0.96,0.34,1.74,320.2
3135.6,9.7,17.8,109.8,39.7,3.51,2.85,0.73,0.73,2.99,392.2
685.3,15.1,25.5,78.8,34.0,2.09,2.15,0.78,0.5,3.42,299.7
423.3,41.8,5.5,40.5,23.1,1.24,3.55,1.08,0.44,4.15,303.3
1614.0,28.3,3.7,20.2,36.7,0.88,2.38,0.72,0.8,4.1,123.0
659.4,26.3,71.6,218.9,61.8,5.23,3.91,3.63,0.21,3.91,1060.5
2495.5,28.9,19.2,109.8,40.5,2.45,2.71,0.95,0.58,2.28,393.6
2960.7,19.6,79.7,259.9,69.9,6.54,4.81,2.63,0.39,1.37,1200.0
1615.3,37.3,8.2,53.2,53.4,2.03,3.26,0.99,0.2,2.79,322.6
1124.4,25.9,24.3,55.2,20.9,2.33,2.62,2.21,0.3,0.86,382.3
1616.3,9.7,5.0,71.8,26.2,1.97,1.38,0.68,0.59,1.47,174.6
2425.7,10.2,6.1,74.3,22.3,1.67,1.74,0.81,0.17,0.81,256.5
425.4,26.5,14.3,115.9,39.0,2.35,3.06,0.95,0.56,1.41,416.5
2050.5,42.5,7.7,76.6,35.8,1.89,3.37,0.69,0.82,2.41,291.0
2117.2,17.3,3.7,76.4,30.0,2.3,2.21,0.56,0.71,2.14,227.9
2185.5,39.8,6.1,77.7,29.7,2.44,3.52,0.9,0.39,2.06,389.5
1077.7,35.6,0.7,54.7,31.0,2.07,3.6,0.49,0.25,3.63,329.3
2399.3,14.9,24.4,94.4,33.0,1.93,1.84,1.78,0.48,3.09,356.2
655.9,6.5,13.6,100.1,40.5,2.53,1.88,0.33,0.43,3.98,243.8
958.0,9.1,2.0,59.0,39.5,1.48,2.0,0.05,0.83,2.31,95.0
2856.9,34.1,3.8,46.4,33.8,1.9,3.26,1.17,0.84,1.73,217.2
2468.4,13.0,2.2,15.6,29.8,1.43,1.91,0.12,0.44,1.22,123.9
438.5,19.9,19.0,74.6,42.1,1.79,2.21,1.11,0.25,3.08,309.4
1095.5,25.1,2.0,49.4,31.2,2.14,2.8,0.91,0.79,3.66,203.8
1000.3,34.0,28.1,77.8,32.7,3.38,3.66,1.74,0.71,1.42,512.4
1158.3,9.5,0.4,22.7,17.9,1.67,1.59,0.72,0.51,3.79,109.4
1093.2,21.3,5.7,57.8,27.3,1.83,2.19,0.36,0.41,2.59,251.1
575.1,24.4,44.3,161.0,44.8,3.72,3.66,2.43,0.46,1.29,660.0
1685.0,26.6,25.4,136.6,50.4,3.27,3.36,1.15,0.78,2.99,531.3
2451.7,37.7,1.5,45.2,30.9,1.39,3.17,0.52,0.28,2.57,286.0
2098.8,11.9,34.4,133.9,49.7,3.29,2.69,1.13,0.71,0.9,479.2
2284.0,37.3,13.6,52.0,20.1,1.41,3.19,1.12,0.16,2.16,323.1
627.2,32.7,37.5,99.5,49.4,2.27,3.17,2.51,0.79,3.47,520.4
3064.2,27.2,18.4,96.7,34.0,2.69,3.03,1.86,0.5,2.69,409.1
2747.8,33.0,22.9,145.7,37.4,3.45,3.57,1.79,0.31,1.76,591.5
2654.3,21.5,100.7,275.1,66.0,6.17,4.07,4.91,0.15,3.96,1200.0
2704.4,10.5,5.3,32.3,45.7,0.99,1.27,0.33,0.54,1.61,100.3
3011.6,31.6,19.6,91.2,33.3,2.67,3.27,1.33,0.32,1.66,422.2
1923.9,26.0,12.3,59.3,28.1,1.57,2.18,0.66,0.59,2.01,264.1
960.8,30.6,0.8,81.5,33.1,2.17,2.74,1.74,0.35,3.84,358.6
2127.0,18.5,0.3,77.4,32.7,2.87,3.05,0.03,0.21,2.53,297.0
2480.1,41.3,2.5,55.1,23.7,2.11,3.64,0.35,0.5,3.12,275.2
2466.2,28.5,20.9,111.1,41.1,2.34,2.94,1.14,0.55,4.12,412.2
1860.1,8.4,16.7,112.7,48.9,2.24,2.57,0.43,0.47,3.46,286.4
591.7,23.0,16.1,107.0,41.8,2.8,2.57,1.62,0.47,1.39,420.1
1439.1,35.3,0.6,59.2,21.8,1.34,3.19,0.22,0.56,3.48,195.0
2978.1,36.8,12.7,109.9,37.0,2.0,3.29,1.77,0.52,3.34,407.4
2036.5,24.8,51.7,199.5,51.5,4.79,4.17,2.36,0.24,1.59,874.9
1907.3,40.8,10.1,80.6,34.9,2.47,3.75,1.46,0.29,1.91,481.7
1152.8,15.7,19.6,125.5,53.2,3.21,2.34,0.81,0.25,3.21,431.7
1431.7,21.4,30.3,141.3,44.2,3.48,3.24,1.23,0.64,1.61,548.1
2907.0,40.9,30.6,152.6,46.8,3.78,4.41,2.33,0.52,1.51,708.5
2266.1,40.9,14.6,64.9,45.9,1.95,2.95,1.22,0.45,3.19,373.5
2604.7,32.4,39.0,137.6,51.8,3.85,4.42,2.23,0.71,3.79,638.8
1672.2,39.4,9.9,45.4,32.8,2.41,3.7,0.79,0.38,1.06,344.1
2164.7,8.6,43.9,155.5,63.7,3.34,2.68,0.71,0.55,2.32,506.3
1095.5,39.6,5.5,51.3,33.2,1.43,2.91,0.53,0.2,2.86,284.4
2375.3,17.8,6.6,91.6,20.6,1.94,2.51,0.59,0.67,3.1,227.0
1597.3,12.1,1.1,53.8,36.4,1.47,2.11,0.22,0.64,4.19,121.2
1639.1,14.6,31.8,153.0,34.8,3.52,2.95,1.27,0.71,3.12,496.9
2218.1,21.7,10.8,67.3,35.7,1.23,2.21,2.13,0.77,2.91,270.2
3021.6,15.0,5.2,79.9,20.7,2.39,2.18,0.32,0.68,4.17,214.1
579.2,17.8,5.3,64.2,27.8,2.24,2.42,0.41,0.74,1.01,229.6
2709.3,10.4,46.3,156.6,45.3,2.82,2.24,0.87,0.39,1.05,492.5
1218.7,16.8,35.9,96.0,31.1,2.22,2.56,1.21,0.39,2.71,361.8
1643.0,27.9,16.1,96.4,34.6,2.62,2.93,1.27,0.81,2.02,375.3
461.4,22.7,19.1,95.1,45.4,2.54,3.0,0.82,0.79,1.13,284.1
1242.9,18.9,12.9,85.6,29.7,2.56,2.46,0.48,0.53,1.84,285.0
1807.4,34.9,9.9,103.2,42.9,2.62,3.43,0.77,0.41,3.09,420.7
557.3,40.7,49.4,200.9,48.4,5.39,5.19,4.04,0.76,3.79,999.8
1775.1,35.3,2.7,86.7,34.1,2.2,3.15,0.55,0.38,1.12,299.7
2995.9,18.3,10.8,82.8,37.5,1.91,2.51,1.59,0.26,2.64,301.5
695.1,34.8,8.4,97.2,29.5,2.11,3.4,1.43,0.6,1.81,317.7
2540.4,11.1,13.8,113.3,29.9,3.03,2.43,0.32,0.18,3.07,339.0
1547.1,10.2,12.2,65.3,35.7,2.03,2.29,0.23,0.42,2.67,230.4
2234.5,18.8,14.6,67.5,41.1,2.37,2.6,0.66,0.72,3.95,258.8
1128.7,37.3,3.0,28.4,24.5,1.7,3.48,0.48,0.36,0.93,270.6
846.6,14.9,14.4,33.4,22.4,0.74,2.1,0.65,0.8,2.4,125.6
849.3,7.5,5.6,31.8,27.0,1.03,1.36,0.13,0.82,1.46,46.5
597.4,10.3,4.1,19.4,23.9,0.89,1.65,0.12,0.72,2.63,71.7
919.8,39.3,1.3,62.7,33.2,1.63,3.12,0.11,0.84,3.7,221.5
2259.8,30.4,28.8,106.9,19.0,2.58,3.0,2.22,0.52,3.9,508.6
2868.7,15.1,11.2,65.4,23.2,2.41,2.37,1.46,0.55,2.15,238.9
2679.6,27.2,19.7,112.8,33.5,3.33,3.09,0.94,0.74,3.56,467.0
2318.4,26.1,26.0,128.2,44.3,3.07,3.03,1.23,0.49,1.75,459.9
709.2,31.2,22.7,155.5,49.5,3.54,3.88,1.22,0.43,0.82,555.5
1209.7,14.3,12.7,94.4,42.1,2.2,2.15,1.14,0.58,3.71,272.7
1267.5,39.6,9.8,71.4,34.9,2.23,3.73,1.92,0.61,1.21,421.1
1099.9,17.4,9.4,53.1,19.1,1.91,2.38,0.39,0.68,0.86,179.6
1842.0,32.8,20.4,85.9,47.0,2.89,3.98,1.26,0.62,2.0,431.8
1899.6,5.6,13.7,49.7,39.1,2.09,1.93,0.31,0.67,2.09,144.4
1399.3,19.9,37.8,140.6,35.2,2.42,2.94,1.53,0.62,1.06,470.2
1390.6,19.1,41.5,223.6,62.9,4.74,3.76,1.78,0.49,3.57,793.3
2720.0,26.7,3.7,13.6,17.7,1.77,2.79,0.45,0.24,2.18,259.6
2610.0,7.9,2.9,29.0,26.3,1.27,1.83,1.24,0.7,2.47,161.3
1261.8,36.6,19.9,71.6,41.3,2.8,3.83,1.26,0.17,1.7,492.2
2958.6,13.7,7.2,72.2,50.0,2.0,2.21,0.8,0.84,2.54,205.3
3067.9,32.1,0.4,32.6,31.9,1.56,2.93,0.18,0.73,3.41,154.6
1314.9,37.1,43.9,130.9,45.9,3.17,3.99,2.91,0.62,3.88,695.5
1392.4,27.5,5.1,30.9,22.9,1.05,2.25,0.73,0.83,4.1,158.4
1815.8,34.6,53.0,138.5,46.4,4.12,3.98,4.12,0.58,2.25,804.3
3035.1,31.5,25.3,98.9,48.7,3.18,3.94,1.83,0.19,4.17,562.7
2853.7,19.2,28.8,111.0,39.6,2.87,3.29,1.52,0.54,1.8,438.9
687.2,37.4,4.5,22.2,16.9,0.87,2.6,0.84,0.34,0.82,177.8
1499.6,16.8,5.3,75.1,20.6,2.16,2.22,0.3,0.41,3.41,252.6
1949.4,27.8,14.7,97.7,41.7,3.12,3.66,1.25,0.47,1.41,478.1
1808.8,34.8,3.8,70.7,34.7,2.8,3.71,0.83,0.69,0.98,364.5
942.8,20.2,7.3,58.7,25.4,1.79,2.56,0.55,0.5,3.94,227.5
2804.7,17.1,7.8,54.2,38.0,1.19,2.19,0.53,0.48,3.49,180.1
2295.4,23.4,3.5,21.4,20.5,1.67,2.44,0.71,0.36,1.15,208.2
2746.1,37.7,4.6,53.4,28.5,1.73,3.32,0.97,0.53,3.44,299.4
2804.5,42.2,31.1,129.1,43.1,3.82,4.47,2.35,0.32,3.67,697.8
2495.4,26.8,3.7,48.2,25.9,1.86,2.54,0.81,0.33,3.88,261.0
1629.8,31.5,0.6,62.5,33.1,1.59,2.94,0.7,0.68,2.65,266.7
2109.5,41.1,19.9,130.0,52.6,3.36,4.45,1.47,0.39,3.19,595.2
849.0,8.9,74.6,247.9,55.5,5.57,3.45,1.62,0.19,3.39,967.8
2286.2,14.3,8.0,32.3,29.7,1.46,1.98,0.27,0.39,3.14,171.7
901.9,33.4,2.5,59.6,32.1,1.5,2.97,0.18,0.6,3.0,241.3
2343.1,37.9,16.9,44.9,29.3,1.21,2.94,1.41,0.72,2.66,310.8
1042.9,39.3,47.4,157.6,55.3,3.97,4.49,4.06,0.82,2.43,778.1
729.1,21.6,30.7,99.8,38.4,2.56,2.64,1.12,0.67,4.19,383.1
862.8,8.6,19.5,68.5,36.2,2.41,2.42,0.98,0.45,1.95,270.3
405.6,22.5,7.6,93.4,42.5,2.02,2.76,0.57,0.36,1.1,317.4
2412.5,14.2,15.6,87.5,31.7,3.0,2.4,1.16,0.24,3.4,398.2
2450.7,16.6,1.9,35.3,28.8,1.0,2.28,0.79,0.59,1.53,109.5
1841.8,35.9,22.7,66.2,29.9,3.14,3.83,2.19,0.51,2.61,514.6
851.8,8.0,25.8,124.6,41.4,3.64,2.43,0.93,0.62,1.13,457.3
634.0,38.1,67.1,220.2,57.1,5.66,5.3,5.0,0.32,2.91,1170.4
453.6,22.1,6.0,62.8,35.1,1.33,2.4,0.3,0.38,4.01,218.6
864.1,28.8,0.4,79.1,34.9,2.17,2.55,0.16,0.35,3.26,293.0
2894.4,8.6,15.8,69.2,35.6,1.93,1.74,0.34,0.71,1.53,156.4
1076.3,18.5,24.5,133.1,43.8,2.66,2.77,1.3,0.27,4.1,456.1
1392.0,8.6,31.3,164.0,36.7,3.66,2.11,0.51,0.58,1.84,495.6
695.0,43.5,4.3,53.5,29.9,1.52,3.45,0.39,0.19,2.28,303.8
1022.6,37.3,6.1,24.9,25.0,1.14,2.99,1.22,0.53,2.49,265.2
1853.8,23.4,14.4,82.9,36.9,2.27,2.47,1.05,0.19,4.17,360.2
2101.7,13.9,8.0,69.7,27.8,1.84,2.17,1.02,0.27,1.03,240.9
1087.0,42.3,39.4,194.6,45.5,5.42,5.13,2.84,0.23,3.17,977.6
561.7,18.8,12.8,102.4,43.4,2.42,2.3,0.61,0.39,2.03,315.0
1494.9,11.4,32.1,160.2,46.7,3.73,3.06,0.75,0.39,1.07,510.4
1055.8,27.5,17.4,91.5,37.8,2.59,3.33,0.8,0.73,3.98,357.9
1014.8,42.8,29.7,120.4,39.4,3.39,4.17,2.25,0.31,2.81,647.1
3087.6,5.2,8.1,61.3,31.0,2.1,1.73,0.26,0.21,3.36,195.9
2125.6,14.5,35.6,137.2,41.1,3.6,3.1,0.9,0.57,1.62,500.7
1959.3,42.5,6.4,97.6,29.8,2.64,3.84,0.79,0.63,3.39,409.1
1564.2,11.8,15.8,46.7,32.2,1.84,1.51,0.51,0.36,3.62,220.1
1601.0,9.5,4.8,54.5,25.0,1.85,2.01,0.1,0.57,2.26,122.7
1914.5,27.8,12.9,66.1,33.2,2.04,2.68,1.09,0.69,2.74,289.5
2350.0,39.5,7.7,44.2,31.2,1.38,3.07,1.03,0.39,4.1,253.8
2366.0,24.1,6.2,55.1,25.2,1.84,2.97,0.97,0.52,3.68,255.9
880.7,44.8,68.2,210.2,48.2,5.56,5.28,5.36,0.25,2.31,1200.0
1800.3,32.2,3.5,17.9,42.6,1.47,2.85,1.57,0.17,3.06,292.9
1553.5,8.0,31.0,155.0,43.7,3.49,2.67,1.39,0.84,3.47,463.6
2837.5,44.7,82.9,318.6,82.3,8.4,6.72,5.5,0.36,0.88,1200.0
2168.0,21.3,0.4,78.3,49.6,2.16,2.38,0.25,0.35,2.8,253.2
1891.0,16.5,24.0,65.0,38.0,1.89,2.23,0.66,0.83,4.15,226.2
723.1,27.3,5.8,62.8,28.9,2.11,2.9,0.76,0.66,4.02,244.5
2095.8,17.2,0.8,38.8,26.5,1.5,2.18,0.36,0.56,3.63,138.6
728.2,8.5,10.3,52.8,22.8,1.88,1.92,1.25,0.64,1.16,179.1
1344.2,5.1,54.7,163.9,56.6,4.0,3.27,0.82,0.65,4.18,577.4
800.0,23.0,0.2,64.3,36.1,1.68,2.19,1.99,0.68,2.87,235.2
2337.8,38.5,17.7,48.5,24.6,2.12,3.7,1.91,0.2,1.56,440.1
977.5,27.9,13.9,122.2,33.7,2.96,3.6,1.88,0.44,3.09,485.6
1497.2,45.0,41.3,153.1,37.0,4.72,5.07,3.26,0.36,3.71,893.3
2907.9,16.5,1.8,65.9,39.8,1.91,2.1,0.11,0.2,1.18,226.8
972.1,16.2,22.9,103.8,39.6,2.97,3.14,1.26,0.44,3.92,418.0
1821.9,11.4,22.8,93.9,38.6,2.5,1.72,1.05,0.58,3.93,311.5
1574.0,11.6,22.1,103.3,32.0,2.07,1.91,0.52,0.27,0.85,319.3
450.7,16.4,57.1,231.6,50.0,4.68,3.79,2.14,0.36,3.86,895.3
2619.7,36.7,34.6,181.3,60.3,4.75,4.46,2.47,0.6,4.02,783.8
593.3,41.2,0.9,20.5,24.0,1.14,3.55,0.11,0.56,0.93,205.9
1727.9,44.0,12.7,51.7,36.6,1.07,2.88,1.21,0.76,1.8,257.9
1969.9,14.3,10.1,74.8,30.4,2.15,1.98,1.31,0.7,2.07,248.5
2159.6,40.3,7.4,51.9,27.4,1.41,3.09,0.78,0.83,1.99,238.4
2328.2,18.1,12.0,62.3,36.9,2.06,2.51,0.98,0.57,3.38,259.8
1109.2,9.5,9.7,68.8,38.2,2.68,2.2,0.17,0.64,2.02,229.3
427.9,39.8,11.3,105.3,45.3,3.07,3.82,1.27,0.75,4.05,444.3
2425.6,30.4,77.5,285.0,68.9,7.34,5.75,5.11,0.74,4.18,1200.0
1899.8,11.6,1.9,38.1,31.8,1.35,2.14,0.31,0.65,1.88,138.1
2741.1,22.2,51.1,191.9,63.4,4.46,3.59,2.05,0.5,2.53,784.4
2699.9,16.5,13.1,80.1,33.6,1.85,1.8,0.78,0.34,2.7,263.5
2761.3,34.5,19.5,92.3,32.5,2.31,2.8,2.12,0.76,2.77,391.7
1758.3,23.1,35.5,159.1,59.4,3.45,3.34,1.45,0.69,2.07,559.1
1334.2,44.6,8.9,42.2,22.4,1.19,3.5,0.87,0.74,1.36,277.9
2616.4,7.2,11.3,55.2,35.0,2.4,2.03,0.2,0.25,0.99,245.0
1663.6,19.2,10.5,70.3,32.2,1.28,2.09,0.61,0.37,1.16,245.1
913.6,24.3,9.4,49.2,14.1,2.31,2.63,0.69,0.45,3.86,304.6
2793.9,25.1,51.9,159.2,57.7,4.56,4.05,3.33,0.74,1.75,753.9
2871.2,17.6,35.3,144.9,24.0,3.51,3.45,1.25,0.78,1.06,509.1
1705.7,34.2,2.3,34.5,10.3,1.08,2.21,0.47,0.35,2.92,230.1
612.0,40.0,2.3,47.6,32.8,1.11,3.05,1.02,0.63,1.06,228.1
1485.9,42.5,11.2,85.4,39.6,2.23,3.46,0.95,0.2,1.04,448.5
2649.9,37.2,2.1,26.5,19.7,1.66,2.81,0.58,0.44,2.91,281.5
2925.0,39.0,19.3,118.0,42.4,3.06,3.62,1.82,0.49,2.81,556.3
969.7,27.0,3.1,55.3,10.0,1.42,2.66,0.3,0.69,0.94,204.4
587.5,38.0,14.8,71.4,38.5,2.72,3.8,1.01,0.77,2.37,381.1
2856.6,17.1,0.1,66.1,33.9,2.67,3.0,0.28,0.39,2.28,272.5
1490.3,20.9,7.6,45.1,27.8,1.63,2.36,0.44,0.52,2.66,171.9
1916.9,17.7,22.6,141.2,45.6,3.32,2.52,0.79,0.6,3.31,425.7
3110.6,23.7,13.2,90.6,40.3,1.87,2.54,1.97,0.38,1.76,343.3
586.4,16.4,76.6,299.5,73.7,6.15,3.82,2.38,0.84,2.27,1085.7
2215.3,43.5,41.4,213.2,43.4,5.1,4.74,3.78,0.76,3.5,938.2
607.5,17.5,8.9,91.1,54.0,2.58,2.76,0.35,0.36,3.94,318.2
1451.3,8.9,0.9,53.2,39.2,1.6,1.79,1.14,0.51,3.83,179.9
2650.7,26.1,37.4,180.1,42.1,3.96,3.81,2.26,0.31,2.42,698.5
1613.7,7.3,48.4,198.3,52.9,3.96,2.63,1.25,0.51,2.57,620.1
3192.1,9.4,34.4,108.6,37.7,2.63,2.43,0.74,0.63,2.6,350.7
1965.4,13.8,2.7,19.1,32.1,1.47,1.82,0.33,0.21,3.75,149.7
1299.3,23.6,123.5,333.4,62.7,6.84,5.11,5.21,0.76,3.66,1200.0
1016.3,22.3,6.0,86.1,31.5,2.3,2.81,0.85,0.57,1.86,316.1
1381.5,37.0,25.8,61.4,17.0,2.2,3.36,2.34,0.84,1.35,427.1
1443.1,34.6,47.7,135.7,42.2,3.43,3.9,2.78,0.17,2.09,731.3
592.4,22.1,5.4,76.8,30.1,1.99,2.57,1.14,0.73,1.78,226.0
1434.8,18.3,47.8,114.8,41.3,2.86,3.18,2.57,0.7,4.03,507.4
1699.9,17.7,7.4,41.1,22.6,1.45,2.17,0.58,0.24,1.7,188.4
2423.7,36.0,74.9,286.4,65.5,6.87,5.46,4.57,0.38,1.42,1200.0
2238.8,7.1,6.6,61.7,36.1,1.99,1.77,0.76,0.77,3.86,131.3
2384.5,5.5,61.3,206.3,60.8,3.44,2.61,0.88,0.51,1.09,604.7
423.4,36.8,1.1,45.3,32.6,1.95,3.47,0.75,0.43,1.68,297.5
1009.5,24.1,24.7,112.4,38.8,2.78,2.96,1.67,0.78,2.29,385.2
2252.7,10.2,15.2,93.3,32.2,3.22,2.25,0.3,0.22,2.82,332.8
1755.2,14.4,13.0,71.5,31.9,1.65,1.81,0.69,0.48,1.91,244.7
414.9,42.3,5.1,63.9,35.5,1.68,3.4,0.62,0.61,2.49,312.7
2652.6,39.4,24.5,143.5,28.4,3.31,4.37,2.77,0.58,1.48,614.7
2563.9,33.4,4.2,43.6,31.0,1.86,3.02,0.38,0.33,2.75,249.1
1935.6,24.3,16.1,67.7,34.7,1.36,2.25,0.74,0.54,2.19,200.2
586.1,25.8,5.8,18.2,23.8,0.97,1.86,1.16,0.65,3.69,194.4
2546.2,44.0,62.3,266.3,66.7,6.86,6.24,4.63,0.56,2.21,1200.0
2034.4,43.6,0.6,8.7,10.0,0.75,3.24,0.51,0.63,2.31,227.3
2589.5,13.6,4.5,55.4,26.4,2.39,2.53,0.24,0.33,2.81,230.2
2504.9,37.4,5.5,77.6,48.3,2.07,3.62,0.68,0.73,1.22,319.6
2648.4,12.9,10.7,74.4,33.5,1.8,1.99,0.61,0.46,1.33,241.7
1850.4,13.5,5.3,35.4,23.9,1.79,2.08,0.34,0.84,3.49,159.9
792.9,32.0,13.5,89.1,36.2,3.12,3.95,2.2,0.17,1.73,534.8
2279.2,21.2,41.2,132.2,46.6,3.51,3.26,1.51,0.42,3.13,576.9
2137.3,42.3,24.9,121.7,47.2,3.77,4.53,1.95,0.28,1.13,661.6
2478.3,8.6,17.3,86.0,33.7,3.01,2.57,0.47,0.54,3.59,291.1
875.7,25.5,1.9,23.3,27.6,0.99,2.46,0.48,0.32,4.16,165.6
945.9,41.7,23.7,155.5,61.4,4.25,4.54,1.86,0.67,2.07,687.1
2893.1,41.2,3.6,29.0,33.3,0.87,3.02,0.29,0.77,2.52,215.6
2499.9,11.3,30.9,167.6,68.9,3.9,3.09,1.76,0.3,2.31,585.1
2943.0,19.7,5.8,25.3,19.3,1.37,2.37,0.4,0.26,3.84,207.3
2524.4,29.8,10.8,59.4,44.1,2.51,3.49,0.7,0.76,0.83,309.8
2072.0,11.4,8.6,42.3,21.3,2.12,2.24,0.4,0.4,3.02,229.0
2231.6,43.7,39.2,125.6,45.4,3.8,4.62,2.95,0.45,3.02,749.9
2889.6,41.6,2.7,65.4,37.6,2.14,3.5,0.23,0.3,2.1,346.7
2020.7,11.7,16.7,101.5,34.2,2.79,2.27,0.39,0.45,1.55,342.6
2170.7,9.8,3.1,71.4,33.6,2.1,2.21,0.12,0.31,1.61,222.4
838.1,8.4,24.4,74.9,40.8,2.17,1.83,0.43,0.62,3.52,266.5
1727.0,41.4,47.1,157.2,42.6,4.67,4.74,3.47,0.5,1.02,923.7
2405.9,12.7,11.4,77.5,47.3,2.85,2.84,0.63,0.7,2.72,320.5
1158.6,21.7,13.4,78.0,23.0,2.17,2.94,0.88,0.37,1.84,334.5
966.3,23.0,52.5,192.4,70.2,4.73,3.93,2.01,0.5,1.7,794.6
1278.7,29.0,14.7,92.3,44.6,2.59,3.11,1.73,0.33,2.52,440.1
1076.2,7.9,13.4,41.0,26.7,1.0,1.39,0.87,0.8,3.85,67.0
1001.8,14.1,17.3,98.8,34.6,2.42,2.59,1.73,0.52,2.9,373.1
1589.6,42.3,23.4,124.3,38.3,3.84,4.41,1.82,0.27,3.48,635.6
2941.9,41.3,2.3,62.0,30.1,1.66,3.25,0.59,0.34,2.84,330.9
1819.8,36.3,34.4,84.2,34.8,3.49,4.26,2.15,0.21,3.17,666.0
926.2,5.8,11.4,51.2,39.3,2.26,1.93,0.79,0.17,2.27,209.2
615.5,18.1,1.5,39.4,42.8,1.76,2.13,0.12,0.52,3.95,156.5
2349.2,30.1,30.9,85.3,37.0,2.81,3.46,1.71,0.39,2.51,470.5
1471.8,16.0,9.5,53.2,22.8,1.46,2.28,0.52,0.82,2.68,121.9
2701.1,41.4,2.1,71.1,28.4,1.98,3.28,0.51,0.27,2.58,335.4
2246.6,30.4,20.1,103.0,37.1,3.32,3.54,1.34,0.71,1.88,485.0
2629.5,7.9,42.4,146.1,38.1,3.06,2.28,0.6,0.37,1.59,478.2
1161.4,41.4,43.7,122.8,32.7,3.79,4.46,3.23,0.31,1.05,765.3
2338.6,43.3,63.2,220.6,76.5,5.62,5.43,5.5,0.83,3.24,1118.6
1139.4,8.1,40.5,153.0,50.0,2.96,2.18,1.37,0.71,1.78,451.7
3029.4,26.3,0.0,64.8,25.0,2.73,2.75,0.36,0.59,2.12,246.7
2181.8,17.1,9.6,105.6,45.5,2.65,2.88,0.61,0.64,3.93,284.6
1308.6,20.7,34.1,167.3,40.7,3.55,2.93,1.23,0.84,2.73,508.2
1154.6,12.2,9.1,99.9,29.2,3.07,2.63,0.27,0.57,1.13,333.2
934.6,28.1,18.4,106.3,32.7,3.24,3.41,0.98,0.22,3.52,500.8
2345.0,43.3,18.6,69.5,45.7,2.74,4.01,1.61,0.2,1.67,509.2
1012.4,25.1,9.1,48.7,26.7,1.56,2.94,0.91,0.62,2.68,219.6
2066.8,8.3,47.0,138.6,25.4,3.05,3.12,0.9,0.61,2.53,464.2
1141.0,29.8,14.0,46.0,38.0,1.96,2.54,0.75,0.67,1.61,238.1
2253.5,18.6,12.5,97.4,35.1,2.81,3.02,0.62,0.23,1.19,406.4
2681.8,39.2,119.9,323.0,63.4,8.29,6.23,5.5,0.81,1.52,1200.0
2578.5,22.4,13.6,92.2,34.1,2.54,3.1,1.06,0.54,1.13,369.4
2530.4,12.7,3.9,42.5,31.8,1.76,2.24,0.16,0.6,1.74,158.6
925.6,12.6,14.4,75.4,36.8,2.7,2.78,0.57,0.17,4.19,329.2
647.5,35.8,33.6,176.4,66.1,4.66,4.53,2.48,0.82,2.17,729.1
2357.1,15.6,30.0,125.7,35.8,2.43,2.23,0.88,0.54,3.74,364.7
1431.4,35.7,31.1,140.7,45.7,3.48,4.16,1.88,0.54,2.67,606.8
1610.6,13.2,24.6,125.5,37.0,2.62,2.44,0.87,0.81,3.07,338.5
487.2,17.9,5.9,38.7,14.6,1.82,2.23,0.2,0.8,1.33,135.4
1126.8,23.6,39.6,120.9,48.8,3.59,3.25,1.91,0.3,1.73,603.9
494.3,42.7,44.8,131.2,47.3,3.81,4.68,3.75,0.8,2.54,733.7
2861.7,42.3,4.3,77.4,36.2,2.11,4.04,0.46,0.67,3.8,378.4
1081.5,13.3,2.8,59.9,34.2,1.94,1.81,0.33,0.16,0.95,182.5
1960.5,19.3,74.3,176.1,46.2,4.31,3.64,3.45,0.32,2.52,889.2
509.1,11.0,40.5,150.5,39.1,3.16,2.45,1.0,0.44,0.97,485.2
2267.2,25.4,44.7,155.1,48.2,3.33,2.97,4.16,0.56,2.35,699.9
1304.5,23.4,43.5,196.3,64.6,3.71,3.45,1.77,0.64,2.94,668.9
2914.2,41.0,15.6,120.3,54.5,3.62,4.05,1.56,0.3,3.33,593.3
2886.7,42.2,20.8,118.6,47.7,3.35,3.8,1.89,0.74,1.27,524.3
1310.8,20.3,15.8,117.1,41.3,3.02,2.76,1.36,0.74,1.37,390.4
2922.7,24.7,1.1,38.5,29.1,2.09,2.49,0.08,0.59,2.4,197.9
3189.2,40.8,27.4,160.3,48.9,3.39,3.98,1.99,0.79,4.19,610.0
2711.2,37.3,14.1,73.1,24.9,1.52,2.79,0.93,0.72,2.01,278.0
2765.6,5.1,20.9,94.8,37.3,2.61,1.91,1.26,0.31,2.25,360.6
1097.2,17.8,14.0,65.1,21.0,2.14,2.25,0.64,0.71,2.27,188.9
2014.8,21.9,13.5,105.7,38.0,1.99,2.66,1.46,0.82,1.07,306.9
588.3,14.2,3.8,66.2,45.0,2.16,2.4,0.23,0.25,3.43,215.7
665.8,13.0,6.5,82.3,41.4,2.11,2.24,0.2,0.84,1.66,190.5
3196.9,6.5,3.5,19.8,16.2,0.98,1.28,0.18,0.17,3.19,111.2
1314.6,30.7,4.4,76.3,33.2,2.05,2.97,0.59,0.52,2.42,263.5
2494.9,15.5,72.2,256.4,59.5,4.46,3.15,2.61,0.69,2.88,910.1
2658.7,7.1,3.3,63.5,30.9,1.72,1.5,0.23,0.7,0.98,121.9
2802.5,14.2,6.3,48.0,37.0,1.47,2.12,1.13,0.66,3.83,183.3
3193.4,37.1,17.9,75.0,38.7,2.58,3.15,1.22,0.52,1.63,381.2
1076.2,39.1,18.8,74.6,53.3,2.4,3.59,1.7,0.61,3.08,426.0
513.0,24.3,3.3,47.7,38.1,2.0,2.61,0.67,0.64,3.51,243.9
1551.3,21.6,31.6,125.7,44.3,2.13,2.77,1.27,0.5,2.64,423.9
764.2,44.1,30.8,93.8,42.3,2.58,3.59,2.27,0.57,1.95,534.9
462.8,13.0,5.4,32.3,24.2,1.72,2.0,0.3,0.74,4.12,123.1
1409.2,13.6,6.8,44.8,19.0,1.56,2.05,0.17,0.37,1.75,138.8
2594.5,16.7,55.6,155.6,58.5,4.15,2.8,2.47,0.52,4.03,669.0
1985.3,11.9,34.9,181.2,60.7,3.22,2.35,1.92,0.16,1.33,598.3
1275.8,20.2,23.9,120.6,39.8,3.27,3.03,1.34,0.63,2.12,478.1
2232.2,41.4,1.7,40.0,29.4,1.36,3.39,0.64,0.29,1.27,302.6
1049.7,29.6,10.8,81.7,44.6,2.06,3.03,0.65,0.49,0.81,303.3
440.3,21.5,16.4,94.1,43.7,2.94,3.11,0.62,0.3,1.68,396.6
2540.2,42.4,4.2,82.8,23.2,2.74,3.66,0.94,0.17,1.1,466.3
2146.5,6.9,11.9,40.8,29.3,2.05,1.45,0.47,0.49,4.15,143.0
2534.4,13.4,18.4,67.9,30.9,2.9,2.57,0.87,0.45,3.39,358.1
509.0,27.6,7.9,94.4,45.9,3.01,3.0,0.97,0.45,0.81,384.5
2743.9,29.6,30.4,116.3,49.2,2.82,3.11,1.71,0.3,1.56,504.3
2134.7,6.6,36.7,84.3,45.7,2.42,2.23,0.47,0.81,3.08,286.0
1977.5,21.1,7.8,30.7,16.6,1.34,2.28,0.91,0.15,2.16,204.7
2148.9,31.0,36.5,74.9,27.2,3.21,3.42,2.12,0.77,3.63,467.6
2820.4,32.9,2.2,86.3,44.4,2.76,3.29,0.82,0.67,2.52,350.4
2043.4,30.5,36.4,127.9,38.3,3.22,3.71,2.08,0.27,3.02,623.1
2026.7,17.8,3.3,82.3,22.6,2.6,2.69,0.2,0.48,2.83,296.0
3173.9,8.7,1.7,85.4,39.6,1.79,1.52,0.1,0.84,2.97,137.1
2518.8,22.1,20.5,89.4,31.7,2.57,2.35,1.3,0.6,1.58,406.4
1638.4,10.2,12.8,51.8,43.6,1.45,2.21,0.56,0.24,2.07,234.2
2380.7,42.9,47.7,146.9,48.8,3.42,3.95,3.62,0.47,0.97,773.9
1489.8,24.0,9.0,60.2,32.1,2.28,2.93,0.63,0.48,2.8,298.7
1040.9,17.7,6.8,55.5,27.0,2.22,2.84,0.52,0.71,2.36,248.6
2071.2,35.7,13.9,93.5,49.6,2.8,3.66,0.93,0.79,3.39,352.9
2998.9,24.9,12.2,68.7,35.2,2.05,2.59,0.7,0.21,1.5,308.9
3001.6,17.4,8.4,102.6,35.2,2.08,2.02,0.38,0.37,2.29,236.7
1357.3,37.5,23.7,93.8,30.5,2.18,3.07,1.68,0.36,1.41,469.3
1877.5,39.7,28.5,121.9,41.3,2.86,3.94,2.16,0.85,2.89,516.2
992.6,31.9,38.3,147.4,38.7,3.54,4.13,2.12,0.54,3.68,710.9
3187.8,6.9,72.1,171.7,59.1,4.27,2.74,1.03,0.77,3.4,644.5
3147.1,27.7,6.2,35.9,12.0,1.98,2.71,0.48,0.45,4.01,247.3
2218.6,35.5,25.2,97.7,36.5,2.1,3.47,1.63,0.66,4.1,419.1
2652.4,10.5,10.0,34.9,31.2,1.27,1.5,2.77,0.35,3.42,224.1
2402.3,14.1,22.6,100.6,40.8,2.34,2.4,0.56,0.79,1.78,265.3
2060.8,40.3,12.9,64.1,25.8,1.07,3.08,1.28,0.47,1.55,293.8
549.4,5.8,101.6,374.8,92.7,7.33,4.06,1.06,0.71,2.32,1200.0
1673.3,35.1,26.1,170.0,43.5,3.81,4.04,2.26,0.33,4.18,700.7
2289.4,24.0,60.9,204.5,56.6,4.76,4.35,3.41,0.64,2.2,885.5
2297.1,22.9,36.0,169.9,55.8,4.5,3.89,1.58,0.43,1.48,742.3
1444.7,5.3,46.6,158.8,52.3,3.53,2.7,1.1,0.17,4.01,534.8
3036.7,37.8,33.7,144.7,40.6,3.46,3.79,2.24,0.44,2.11,681.9
868.6,19.4,12.3,81.5,44.2,2.54,2.96,0.46,0.54,3.15,341.1
1801.0,26.6,5.8,87.2,36.4,2.78,3.32,0.41,0.26,3.48,395.1
2334.5,32.1,9.3,57.3,36.3,2.07,2.74,0.66,0.28,3.67,323.6
2352.0,33.1,0.4,11.1,34.2,1.45,3.02,0.23,0.48,3.59,179.9
2216.2,43.2,14.8,69.7,41.5,2.22,3.61,1.26,0.39,3.64,443.3
1170.8,26.3,14.1,47.8,37.6,1.81,2.31,0.83,0.46,3.07,253.2
837.4,21.0,14.9,63.7,33.0,2.09,2.6,1.02,0.47,2.17,302.6
2180.6,43.1,73.0,298.7,80.1,7.42,6.21,5.36,0.25,3.07,1200.0
2078.0,30.7,48.5,100.2,39.7,2.8,3.41,2.49,0.28,3.64,581.8
902.2,16.9,3.5,50.8,19.5,2.32,2.44,0.37,0.74,1.99,201.4
2374.4,10.1,9.2,78.6,36.6,3.01,2.35,0.39,0.26,1.81,324.7
1674.5,38.7,11.0,74.6,35.5,2.89,4.43,0.74,0.62,1.97,393.8
2269.7,19.5,8.9,36.7,31.3,1.07,1.73,0.35,0.44,2.67,168.6
2744.6,31.4,32.0,178.1,51.0,3.56,3.97,1.96,0.83,0.98,571.6
875.2,23.8,14.8,72.4,26.9,1.69,2.53,0.7,0.2,3.45,284.8
453.6,13.0,17.0,99.8,43.2,2.64,2.2,1.21,0.73,1.27,306.6
2581.5,29.1,38.3,134.0,33.6,2.22,3.02,1.93,0.49,1.25,515.4
2107.2,7.4,32.8,142.3,57.3,3.02,1.96,0.41,0.15,1.47,453.1
2359.0,21.5,2.8,43.6,26.0,2.23,2.51,0.34,0.33,2.76,240.5
2746.8,26.9,25.0,109.3,41.6,3.28,3.38,2.83,0.44,1.77,571.4
2647.9,22.4,11.4,31.0,30.1,1.33,1.91,0.83,0.37,2.05,208.0
3090.6,34.9,7.0,51.7,34.0,1.68,3.2,0.58,0.4,3.97,294.7
1900.6,38.1,1.0,74.1,22.1,2.35,3.3,0.07,0.79,3.68,287.8
1767.8,35.8,13.4,81.0,41.2,2.76,3.25,1.06,0.4,3.7,410.6
1525.3,6.6,8.8,34.7,28.7,1.32,1.23,0.19,0.44,2.76,97.4
830.3,12.8,5.8,60.9,25.9,1.84,2.58,0.54,0.68,3.75,196.2
2003.3,26.5,23.7,148.6,40.8,3.23,2.86,1.4,0.71,3.45,533.0
1175.6,42.4,29.3,123.2,39.5,2.75,4.04,2.2,0.21,4.04,630.1
2979.7,38.4,5.6,29.0,14.8,1.38,2.93,0.39,0.64,1.02,195.4
2032.9,38.7,1.0,73.6,47.0,2.0,3.32,0.63,0.49,0.9,289.4
2060.0,17.1,37.8,120.0,53.5,2.6,2.75,1.43,0.24,1.4,467.1
1393.8,22.2,0.2,39.4,30.7,1.85,2.66,0.75,0.34,3.96,227.5
545.6,23.8,55.3,170.7,48.9,4.33,3.54,2.32,0.18,2.86,795.7
488.9,11.3,19.8,108.4,37.9,2.98,2.14,0.8,0.4,2.25,394.0
1585.3,6.2,7.8,90.2,42.3,2.06,1.97,0.13,0.33,2.54,242.3
636.8,42.9,5.7,85.7,49.5,1.6,3.58,0.54,0.42,3.62,337.1
2099.2,14.6,0.2,6.1,16.5,1.28,1.81,0.43,0.56,3.96,84.0
2866.7,14.6,5.4,85.5,26.5,2.04,2.33,0.83,0.66,3.28,242.4
2872.2,8.3,3.0,16.2,35.3,0.89,1.28,0.2,0.57,3.38,70.3
2245.3,42.1,18.9,86.8,21.3,1.95,3.35,1.97,0.62,1.89,435.5
991.4,28.2,3.6,52.8,21.4,1.7,2.75,0.62,0.76,2.39,205.4
2816.4,31.7,15.0,91.5,34.5,3.15,3.71,0.97,0.76,3.81,406.6
2881.1,41.5,17.8,97.6,25.1,2.43,3.82,2.07,0.75,3.47,433.4
950.6,18.8,7.1,58.5,39.4,1.49,2.31,0.51,0.26,3.13,229.8
2464.8,29.9,0.7,77.3,40.8,2.43,2.97,0.45,0.33,1.02,331.4
